id,nombres,apellidos,cedula,ciudad,edad,correo,telefono,direccion,rol,password
1,Luis,Gomez,10001,Bogotá,56,luis1@mail.com,3100000001,Calle 1,cliente,pass123
2,Maria,Perez,10002,Cali,46,maria2@mail.com,3100000002,Calle 2,cliente,pass123
3,Diego,Lopez,10003,Bogotá,78,diego3@mail.com,3100000003,Calle 3,cliente,pass123
4,Maria,Sanchez,10004,Palmira,41,maria4@mail.com,3100000004,Calle 4,cliente,pass123
5,Elena,Martinez,10005,Palmira,41,elena5@mail.com,3100000005,Calle 5,cliente,pass123
6,Luis,Lopez,10006,Buga,74,luis6@mail.com,3100000006,Calle 6,cliente,pass123
7,Juan,Martinez,10007,Medellín,45,juan7@mail.com,3100000007,Calle 7,cliente,pass123
8,Paula,Perez,10008,Medellín,17,paula8@mail.com,3100000008,Calle 8,cliente,pass123
9,Diego,Gomez,10009,Cali,70,diego9@mail.com,3100000009,Calle 9,cliente,pass123
10,Elena,Lopez,100010,Medellín,40,elena10@mail.com,3100000010,Calle 10,cliente,pass123
11,Carlos,Lopez,100011,Cali,26,carlos11@mail.com,3100000011,Calle 11,cliente,pass123
12,Carlos,Gomez,100012,Buga,68,carlos12@mail.com,3100000012,Calle 12,cliente,pass123
13,Maria,Lopez,100013,Buga,66,maria13@mail.com,3100000013,Calle 13,cliente,pass123
14,Maria,Martinez,100014,Cali,24,maria14@mail.com,3100000014,Calle 14,cliente,pass123
15,Maria,Martinez,100015,Buga,62,maria15@mail.com,3100000015,Calle 15,cliente,pass123
16,Ana,Lopez,100016,Palmira,51,ana16@mail.com,3100000016,Calle 16,cliente,pass123
17,Maria,Lopez,100017,Medellín,16,maria17@mail.com,3100000017,Calle 17,cliente,pass123
18,Ana,Gomez,100018,Cali,37,ana18@mail.com,3100000018,Calle 18,cliente,pass123
19,Maria,Lopez,100019,Medellín,25,maria19@mail.com,3100000019,Calle 19,cliente,pass123
20,Maria,Gomez,100020,Palmira,44,maria20@mail.com,3100000020,Calle 20,cliente,pass123
21,Ana,Rodriguez,100021,Bogotá,23,ana21@mail.com,3100000021,Calle 21,cliente,pass123
22,Maria,Sanchez,100022,Medellín,50,maria22@mail.com,3100000022,Calle 22,cliente,pass123
23,Carlos,Rodriguez,100023,Bogotá,31,carlos23@mail.com,3100000023,Calle 23,cliente,pass123
24,Diego,Martinez,100024,Medellín,57,diego24@mail.com,3100000024,Calle 24,cliente,pass123
25,Diego,Lopez,100025,Buga,71,diego25@mail.com,3100000025,Calle 25,cliente,pass123
26,Juan,Gomez,100026,Medellín,33,juan26@mail.com,3100000026,Calle 26,cliente,pass123
27,Juan,Sanchez,100027,Medellín,74,juan27@mail.com,3100000027,Calle 27,cliente,pass123
28,Luis,Perez,100028,Palmira,22,luis28@mail.com,3100000028,Calle 28,cliente,pass123
29,Carlos,Perez,100029,Bogotá,18,carlos29@mail.com,3100000029,Calle 29,cliente,pass123
30,Juan,Perez,100030,Cali,75,juan30@mail.com,3100000030,Calle 30,cliente,pass123
31,Carlos,Perez,100031,Cali,76,carlos31@mail.com,3100000031,Calle 31,cliente,pass123
32,Maria,Martinez,100032,Bogotá,57,maria32@mail.com,3100000032,Calle 32,cliente,pass123
33,Carlos,Martinez,100033,Cali,15,carlos33@mail.com,3100000033,Calle 33,cliente,pass123
34,Luis,Rodriguez,100034,Cali,22,luis34@mail.com,3100000034,Calle 34,cliente,pass123
35,Juan,Perez,100035,Medellín,67,juan35@mail.com,3100000035,Calle 35,cliente,pass123
36,Diego,Lopez,100036,Cali,51,diego36@mail.com,3100000036,Calle 36,cliente,pass123
37,Paula,Perez,100037,Medellín,29,paula37@mail.com,3100000037,Calle 37,cliente,pass123
38,Diego,Rodriguez,100038,Buga,77,diego38@mail.com,3100000038,Calle 38,cliente,pass123
39,Carlos,Perez,100039,Bogotá,76,carlos39@mail.com,3100000039,Calle 39,cliente,pass123
40,Carlos,Rodriguez,100040,Palmira,61,carlos40@mail.com,3100000040,Calle 40,cliente,pass123
41,Luis,Martinez,100041,Cali,30,luis41@mail.com,3100000041,Calle 41,cliente,pass123
42,Maria,Sanchez,100042,Bogotá,69,maria42@mail.com,3100000042,Calle 42,cliente,pass123
43,Juan,Rodriguez,100043,Buga,31,juan43@mail.com,3100000043,Calle 43,cliente,pass123
44,Paula,Perez,100044,Medellín,27,paula44@mail.com,3100000044,Calle 44,cliente,pass123
45,Diego,Gomez,100045,Cali,72,diego45@mail.com,3100000045,Calle 45,cliente,pass123
46,Ana,Lopez,100046,Medellín,79,ana46@mail.com,3100000046,Calle 46,cliente,pass123
47,Juan,Rodriguez,100047,Palmira,40,juan47@mail.com,3100000047,Calle 47,cliente,pass123
48,Maria,Lopez,100048,Medellín,50,maria48@mail.com,3100000048,Calle 48,cliente,pass123
49,Diego,Gomez,100049,Palmira,67,diego49@mail.com,3100000049,Calle 49,cliente,pass123
50,Carlos,Martinez,100050,Palmira,52,carlos50@mail.com,3100000050,Calle 50,cliente,pass123
51,Diego,Sanchez,100051,Medellín,55,diego51@mail.com,3100000051,Calle 51,cliente,pass123
52,Diego,Perez,100052,Buga,58,diego52@mail.com,3100000052,Calle 52,cliente,pass123
53,Diego,Perez,100053,Palmira,59,diego53@mail.com,3100000053,Calle 53,cliente,pass123
54,Diego,Martinez,100054,Bogotá,44,diego54@mail.com,3100000054,Calle 54,cliente,pass123
55,Juan,Lopez,100055,Buga,70,juan55@mail.com,3100000055,Calle 55,cliente,pass123
56,Elena,Rodriguez,100056,Buga,57,elena56@mail.com,3100000056,Calle 56,cliente,pass123
57,Ana,Martinez,100057,Medellín,40,ana57@mail.com,3100000057,Calle 57,cliente,pass123
58,Ana,Gomez,100058,Bogotá,22,ana58@mail.com,3100000058,Calle 58,cliente,pass123
59,Juan,Gomez,100059,Bogotá,41,juan59@mail.com,3100000059,Calle 59,cliente,pass123
60,Diego,Gomez,100060,Cali,34,diego60@mail.com,3100000060,Calle 60,cliente,pass123
61,Luis,Perez,100061,Bogotá,76,luis61@mail.com,3100000061,Calle 61,cliente,pass123
62,Carlos,Gomez,100062,Medellín,54,carlos62@mail.com,3100000062,Calle 62,cliente,pass123
63,Carlos,Perez,100063,Cali,80,carlos63@mail.com,3100000063,Calle 63,cliente,pass123
64,Juan,Rodriguez,100064,Medellín,53,juan64@mail.com,3100000064,Calle 64,cliente,pass123
65,Maria,Sanchez,100065,Palmira,51,maria65@mail.com,3100000065,Calle 65,cliente,pass123
66,Maria,Rodriguez,100066,Medellín,44,maria66@mail.com,3100000066,Calle 66,cliente,pass123
67,Elena,Rodriguez,100067,Palmira,61,elena67@mail.com,3100000067,Calle 67,cliente,pass123
68,Luis,Martinez,100068,Bogotá,55,luis68@mail.com,3100000068,Calle 68,cliente,pass123
69,Juan,Gomez,100069,Bogotá,14,juan69@mail.com,3100000069,Calle 69,cliente,pass123
70,Carlos,Perez,100070,Bogotá,70,carlos70@mail.com,3100000070,Calle 70,cliente,pass123
71,Carlos,Gomez,100071,Cali,25,carlos71@mail.com,3100000071,Calle 71,cliente,pass123
72,Maria,Gomez,100072,Bogotá,43,maria72@mail.com,3100000072,Calle 72,cliente,pass123
73,Luis,Rodriguez,100073,Buga,50,luis73@mail.com,3100000073,Calle 73,cliente,pass123
74,Paula,Martinez,100074,Buga,23,paula74@mail.com,3100000074,Calle 74,cliente,pass123
75,Luis,Gomez,100075,Buga,25,luis75@mail.com,3100000075,Calle 75,cliente,pass123
76,Elena,Lopez,100076,Palmira,39,elena76@mail.com,3100000076,Calle 76,cliente,pass123
77,Elena,Rodriguez,100077,Cali,31,elena77@mail.com,3100000077,Calle 77,cliente,pass123
78,Diego,Perez,100078,Cali,33,diego78@mail.com,3100000078,Calle 78,cliente,pass123
79,Carlos,Rodriguez,100079,Cali,22,carlos79@mail.com,3100000079,Calle 79,cliente,pass123
80,Juan,Perez,100080,Bogotá,34,juan80@mail.com,3100000080,Calle 80,cliente,pass123
81,Ana,Gomez,100081,Buga,57,ana81@mail.com,3100000081,Calle 81,cliente,pass123
82,Carlos,Lopez,100082,Palmira,32,carlos82@mail.com,3100000082,Calle 82,cliente,pass123
83,Diego,Rodriguez,100083,Bogotá,75,diego83@mail.com,3100000083,Calle 83,cliente,pass123
84,Luis,Perez,100084,Cali,72,luis84@mail.com,3100000084,Calle 84,cliente,pass123
85,Ana,Rodriguez,100085,Medellín,51,ana85@mail.com,3100000085,Calle 85,cliente,pass123
86,Ana,Rodriguez,100086,Palmira,52,ana86@mail.com,3100000086,Calle 86,cliente,pass123
87,Elena,Martinez,100087,Medellín,55,elena87@mail.com,3100000087,Calle 87,cliente,pass123
88,Elena,Martinez,100088,Bogotá,67,elena88@mail.com,3100000088,Calle 88,cliente,pass123
89,Luis,Martinez,100089,Bogotá,16,luis89@mail.com,3100000089,Calle 89,cliente,pass123
90,Elena,Sanchez,100090,Buga,15,elena90@mail.com,3100000090,Calle 90,cliente,pass123
91,Diego,Martinez,100091,Cali,24,diego91@mail.com,3100000091,Calle 91,cliente,pass123
92,Diego,Martinez,100092,Bogotá,34,diego92@mail.com,3100000092,Calle 92,cliente,pass123
93,Paula,Perez,100093,Medellín,51,paula93@mail.com,3100000093,Calle 93,cliente,pass123
94,Juan,Sanchez,100094,Buga,25,juan94@mail.com,3100000094,Calle 94,cliente,pass123
95,Diego,Lopez,100095,Bogotá,45,diego95@mail.com,3100000095,Calle 95,cliente,pass123
96,Carlos,Gomez,100096,Bogotá,77,carlos96@mail.com,3100000096,Calle 96,cliente,pass123
97,Maria,Rodriguez,100097,Bogotá,37,maria97@mail.com,3100000097,Calle 97,cliente,pass123
98,Elena,Gomez,100098,Medellín,42,elena98@mail.com,3100000098,Calle 98,cliente,pass123
99,Diego,Lopez,100099,Medellín,60,diego99@mail.com,3100000099,Calle 99,cliente,pass123
100,Luis,Gomez,1000100,Cali,35,luis100@mail.com,3100000100,Calle 100,cliente,pass123
101,Diego,Gomez,1000101,Buga,18,diego101@mail.com,3100000101,Calle 101,cliente,pass123
102,Elena,Sanchez,1000102,Bogotá,42,elena102@mail.com,3100000102,Calle 102,cliente,pass123
103,Ana,Perez,1000103,Cali,77,ana103@mail.com,3100000103,Calle 103,cliente,pass123
104,Luis,Rodriguez,1000104,Bogotá,36,luis104@mail.com,3100000104,Calle 104,cliente,pass123
105,Carlos,Perez,1000105,Medellín,28,carlos105@mail.com,3100000105,Calle 105,cliente,pass123
106,Luis,Lopez,1000106,Cali,72,luis106@mail.com,3100000106,Calle 106,cliente,pass123
107,Juan,Perez,1000107,Bogotá,79,juan107@mail.com,3100000107,Calle 107,cliente,pass123
108,Paula,Gomez,1000108,Cali,70,paula108@mail.com,3100000108,Calle 108,cliente,pass123
109,Luis,Lopez,1000109,Medellín,57,luis109@mail.com,3100000109,Calle 109,cliente,pass123
110,Maria,Perez,1000110,Palmira,70,maria110@mail.com,3100000110,Calle 110,cliente,pass123
111,Carlos,Rodriguez,1000111,Buga,68,carlos111@mail.com,3100000111,Calle 111,cliente,pass123
112,Juan,Lopez,1000112,Cali,20,juan112@mail.com,3100000112,Calle 112,cliente,pass123
113,Elena,Sanchez,1000113,Palmira,48,elena113@mail.com,3100000113,Calle 113,cliente,pass123
114,Paula,Rodriguez,1000114,Bogotá,64,paula114@mail.com,3100000114,Calle 114,cliente,pass123
115,Elena,Lopez,1000115,Bogotá,45,elena115@mail.com,3100000115,Calle 115,cliente,pass123
116,Luis,Perez,1000116,Bogotá,20,luis116@mail.com,3100000116,Calle 116,cliente,pass123
117,Maria,Gomez,1000117,Cali,42,maria117@mail.com,3100000117,Calle 117,cliente,pass123
118,Carlos,Perez,1000118,Palmira,25,carlos118@mail.com,3100000118,Calle 118,cliente,pass123
119,Juan,Sanchez,1000119,Medellín,47,juan119@mail.com,3100000119,Calle 119,cliente,pass123
120,Maria,Rodriguez,1000120,Cali,53,maria120@mail.com,3100000120,Calle 120,cliente,pass123
121,Maria,Gomez,1000121,Medellín,24,maria121@mail.com,3100000121,Calle 121,cliente,pass123
122,Luis,Perez,1000122,Palmira,45,luis122@mail.com,3100000122,Calle 122,cliente,pass123
123,Paula,Gomez,1000123,Cali,62,paula123@mail.com,3100000123,Calle 123,cliente,pass123
124,Elena,Lopez,1000124,Buga,50,elena124@mail.com,3100000124,Calle 124,cliente,pass123
125,Carlos,Lopez,1000125,Cali,58,carlos125@mail.com,3100000125,Calle 125,cliente,pass123
126,Ana,Rodriguez,1000126,Medellín,40,ana126@mail.com,3100000126,Calle 126,cliente,pass123
127,Juan,Lopez,1000127,Cali,74,juan127@mail.com,3100000127,Calle 127,cliente,pass123
128,Diego,Sanchez,1000128,Bogotá,63,diego128@mail.com,3100000128,Calle 128,cliente,pass123
129,Diego,Sanchez,1000129,Medellín,46,diego129@mail.com,3100000129,Calle 129,cliente,pass123
130,Luis,Gomez,1000130,Buga,40,luis130@mail.com,3100000130,Calle 130,cliente,pass123
131,Ana,Perez,1000131,Cali,16,ana131@mail.com,3100000131,Calle 131,cliente,pass123
132,Elena,Sanchez,1000132,Medellín,63,elena132@mail.com,3100000132,Calle 132,cliente,pass123
133,Ana,Lopez,1000133,Palmira,31,ana133@mail.com,3100000133,Calle 133,cliente,pass123
134,Carlos,Martinez,1000134,Medellín,55,carlos134@mail.com,3100000134,Calle 134,cliente,pass123
135,Luis,Lopez,1000135,Buga,40,luis135@mail.com,3100000135,Calle 135,cliente,pass123
136,Maria,Perez,1000136,Palmira,70,maria136@mail.com,3100000136,Calle 136,cliente,pass123
137,Diego,Martinez,1000137,Buga,57,diego137@mail.com,3100000137,Calle 137,cliente,pass123
138,Elena,Martinez,1000138,Bogotá,65,elena138@mail.com,3100000138,Calle 138,cliente,pass123
139,Carlos,Martinez,1000139,Bogotá,19,carlos139@mail.com,3100000139,Calle 139,cliente,pass123
140,Ana,Martinez,1000140,Cali,42,ana140@mail.com,3100000140,Calle 140,cliente,pass123
141,Ana,Sanchez,1000141,Buga,67,ana141@mail.com,3100000141,Calle 141,cliente,pass123
142,Maria,Lopez,1000142,Bogotá,22,maria142@mail.com,3100000142,Calle 142,cliente,pass123
143,Paula,Perez,1000143,Bogotá,65,paula143@mail.com,3100000143,Calle 143,cliente,pass123
144,Juan,Gomez,1000144,Palmira,49,juan144@mail.com,3100000144,Calle 144,cliente,pass123
145,Paula,Rodriguez,1000145,Buga,24,paula145@mail.com,3100000145,Calle 145,cliente,pass123
146,Diego,Gomez,1000146,Buga,22,diego146@mail.com,3100000146,Calle 146,cliente,pass123
147,Diego,Martinez,1000147,Cali,39,diego147@mail.com,3100000147,Calle 147,cliente,pass123
148,Maria,Rodriguez,1000148,Medellín,49,maria148@mail.com,3100000148,Calle 148,cliente,pass123
149,Carlos,Rodriguez,1000149,Bogotá,20,carlos149@mail.com,3100000149,Calle 149,cliente,pass123
150,Maria,Perez,1000150,Buga,77,maria150@mail.com,3100000150,Calle 150,cliente,pass123
151,Elena,Perez,1000151,Bogotá,30,elena151@mail.com,3100000151,Calle 151,cliente,pass123
152,Elena,Rodriguez,1000152,Cali,71,elena152@mail.com,3100000152,Calle 152,cliente,pass123
153,Maria,Sanchez,1000153,Medellín,23,maria153@mail.com,3100000153,Calle 153,cliente,pass123
154,Elena,Rodriguez,1000154,Palmira,59,elena154@mail.com,3100000154,Calle 154,cliente,pass123
155,Carlos,Martinez,1000155,Buga,36,carlos155@mail.com,3100000155,Calle 155,cliente,pass123
156,Carlos,Lopez,1000156,Cali,67,carlos156@mail.com,3100000156,Calle 156,cliente,pass123
157,Luis,Perez,1000157,Cali,23,luis157@mail.com,3100000157,Calle 157,cliente,pass123
158,Ana,Sanchez,1000158,Medellín,52,ana158@mail.com,3100000158,Calle 158,cliente,pass123
159,Diego,Gomez,1000159,Palmira,40,diego159@mail.com,3100000159,Calle 159,cliente,pass123
160,Diego,Lopez,1000160,Bogotá,36,diego160@mail.com,3100000160,Calle 160,cliente,pass123
161,Luis,Rodriguez,1000161,Palmira,18,luis161@mail.com,3100000161,Calle 161,cliente,pass123
162,Paula,Sanchez,1000162,Palmira,73,paula162@mail.com,3100000162,Calle 162,cliente,pass123
163,Elena,Gomez,1000163,Medellín,77,elena163@mail.com,3100000163,Calle 163,cliente,pass123
164,Maria,Lopez,1000164,Bogotá,37,maria164@mail.com,3100000164,Calle 164,cliente,pass123
165,Elena,Lopez,1000165,Palmira,64,elena165@mail.com,3100000165,Calle 165,cliente,pass123
166,Luis,Martinez,1000166,Cali,44,luis166@mail.com,3100000166,Calle 166,cliente,pass123
167,Diego,Rodriguez,1000167,Medellín,37,diego167@mail.com,3100000167,Calle 167,cliente,pass123
168,Juan,Sanchez,1000168,Bogotá,29,juan168@mail.com,3100000168,Calle 168,cliente,pass123
169,Juan,Gomez,1000169,Buga,75,juan169@mail.com,3100000169,Calle 169,cliente,pass123
170,Ana,Perez,1000170,Medellín,46,ana170@mail.com,3100000170,Calle 170,cliente,pass123
171,Elena,Gomez,1000171,Bogotá,14,elena171@mail.com,3100000171,Calle 171,cliente,pass123
172,Elena,Lopez,1000172,Cali,43,elena172@mail.com,3100000172,Calle 172,cliente,pass123
173,Maria,Perez,1000173,Palmira,58,maria173@mail.com,3100000173,Calle 173,cliente,pass123
174,Maria,Lopez,1000174,Bogotá,37,maria174@mail.com,3100000174,Calle 174,cliente,pass123
175,Maria,Sanchez,1000175,Bogotá,29,maria175@mail.com,3100000175,Calle 175,cliente,pass123
176,Ana,Rodriguez,1000176,Palmira,20,ana176@mail.com,3100000176,Calle 176,cliente,pass123
177,Juan,Gomez,1000177,Buga,57,juan177@mail.com,3100000177,Calle 177,cliente,pass123
178,Carlos,Lopez,1000178,Buga,70,carlos178@mail.com,3100000178,Calle 178,cliente,pass123
179,Luis,Lopez,1000179,Medellín,50,luis179@mail.com,3100000179,Calle 179,cliente,pass123
180,Ana,Gomez,1000180,Medellín,68,ana180@mail.com,3100000180,Calle 180,cliente,pass123
181,Luis,Sanchez,1000181,Palmira,68,luis181@mail.com,3100000181,Calle 181,cliente,pass123
182,Luis,Sanchez,1000182,Bogotá,56,luis182@mail.com,3100000182,Calle 182,cliente,pass123
183,Elena,Perez,1000183,Medellín,62,elena183@mail.com,3100000183,Calle 183,cliente,pass123
184,Ana,Sanchez,1000184,Bogotá,47,ana184@mail.com,3100000184,Calle 184,cliente,pass123
185,Carlos,Martinez,1000185,Palmira,50,carlos185@mail.com,3100000185,Calle 185,cliente,pass123
186,Elena,Martinez,1000186,Medellín,39,elena186@mail.com,3100000186,Calle 186,cliente,pass123
187,Luis,Sanchez,1000187,Buga,28,luis187@mail.com,3100000187,Calle 187,cliente,pass123
188,Diego,Martinez,1000188,Palmira,47,diego188@mail.com,3100000188,Calle 188,cliente,pass123
189,Paula,Sanchez,1000189,Buga,52,paula189@mail.com,3100000189,Calle 189,cliente,pass123
190,Diego,Lopez,1000190,Buga,16,diego190@mail.com,3100000190,Calle 190,cliente,pass123
191,Elena,Perez,1000191,Medellín,48,elena191@mail.com,3100000191,Calle 191,cliente,pass123
192,Maria,Gomez,1000192,Buga,79,maria192@mail.com,3100000192,Calle 192,cliente,pass123
193,Diego,Gomez,1000193,Bogotá,39,diego193@mail.com,3100000193,Calle 193,cliente,pass123
194,Elena,Rodriguez,1000194,Medellín,66,elena194@mail.com,3100000194,Calle 194,cliente,pass123
195,Maria,Perez,1000195,Buga,54,maria195@mail.com,3100000195,Calle 195,cliente,pass123
196,Maria,Lopez,1000196,Bogotá,20,maria196@mail.com,3100000196,Calle 196,cliente,pass123
197,Luis,Lopez,1000197,Medellín,61,luis197@mail.com,3100000197,Calle 197,cliente,pass123
198,Elena,Gomez,1000198,Medellín,54,elena198@mail.com,3100000198,Calle 198,cliente,pass123
199,Luis,Lopez,1000199,Palmira,67,luis199@mail.com,3100000199,Calle 199,cliente,pass123
200,Paula,Perez,1000200,Cali,47,paula200@mail.com,3100000200,Calle 200,cliente,pass123
201,Paula,Lopez,1000201,Cali,44,paula201@mail.com,3100000201,Calle 201,cliente,pass123
202,Carlos,Rodriguez,1000202,Buga,63,carlos202@mail.com,3100000202,Calle 202,cliente,pass123
203,Juan,Sanchez,1000203,Medellín,42,juan203@mail.com,3100000203,Calle 203,cliente,pass123
204,Luis,Martinez,1000204,Palmira,34,luis204@mail.com,3100000204,Calle 204,cliente,pass123
205,Ana,Lopez,1000205,Medellín,80,ana205@mail.com,3100000205,Calle 205,cliente,pass123
206,Ana,Lopez,1000206,Buga,21,ana206@mail.com,3100000206,Calle 206,cliente,pass123
207,Maria,Martinez,1000207,Medellín,14,maria207@mail.com,3100000207,Calle 207,cliente,pass123
208,Paula,Rodriguez,1000208,Palmira,21,paula208@mail.com,3100000208,Calle 208,cliente,pass123
209,Luis,Rodriguez,1000209,Cali,80,luis209@mail.com,3100000209,Calle 209,cliente,pass123
210,Maria,Perez,1000210,Bogotá,49,maria210@mail.com,3100000210,Calle 210,cliente,pass123
211,Juan,Perez,1000211,Medellín,59,juan211@mail.com,3100000211,Calle 211,cliente,pass123
212,Paula,Sanchez,1000212,Buga,28,paula212@mail.com,3100000212,Calle 212,cliente,pass123
213,Luis,Sanchez,1000213,Medellín,20,luis213@mail.com,3100000213,Calle 213,cliente,pass123
214,Ana,Gomez,1000214,Cali,72,ana214@mail.com,3100000214,Calle 214,cliente,pass123
215,Diego,Martinez,1000215,Cali,24,diego215@mail.com,3100000215,Calle 215,cliente,pass123
216,Juan,Martinez,1000216,Medellín,22,juan216@mail.com,3100000216,Calle 216,cliente,pass123
217,Paula,Martinez,1000217,Medellín,45,paula217@mail.com,3100000217,Calle 217,cliente,pass123
218,Juan,Martinez,1000218,Cali,40,juan218@mail.com,3100000218,Calle 218,cliente,pass123
219,Carlos,Lopez,1000219,Palmira,38,carlos219@mail.com,3100000219,Calle 219,cliente,pass123
220,Paula,Martinez,1000220,Cali,76,paula220@mail.com,3100000220,Calle 220,cliente,pass123
221,Juan,Martinez,1000221,Medellín,66,juan221@mail.com,3100000221,Calle 221,cliente,pass123
222,Juan,Perez,1000222,Cali,44,juan222@mail.com,3100000222,Calle 222,cliente,pass123
223,Ana,Perez,1000223,Medellín,41,ana223@mail.com,3100000223,Calle 223,cliente,pass123
224,Carlos,Lopez,1000224,Buga,67,carlos224@mail.com,3100000224,Calle 224,cliente,pass123
225,Luis,Sanchez,1000225,Bogotá,20,luis225@mail.com,3100000225,Calle 225,cliente,pass123
226,Paula,Gomez,1000226,Palmira,17,paula226@mail.com,3100000226,Calle 226,cliente,pass123
227,Elena,Perez,1000227,Cali,78,elena227@mail.com,3100000227,Calle 227,cliente,pass123
228,Carlos,Sanchez,1000228,Palmira,69,carlos228@mail.com,3100000228,Calle 228,cliente,pass123
229,Ana,Gomez,1000229,Cali,73,ana229@mail.com,3100000229,Calle 229,cliente,pass123
230,Elena,Sanchez,1000230,Medellín,70,elena230@mail.com,3100000230,Calle 230,cliente,pass123
231,Juan,Gomez,1000231,Cali,54,juan231@mail.com,3100000231,Calle 231,cliente,pass123
232,Luis,Gomez,1000232,Medellín,48,luis232@mail.com,3100000232,Calle 232,cliente,pass123
233,Juan,Rodriguez,1000233,Palmira,64,juan233@mail.com,3100000233,Calle 233,cliente,pass123
234,Maria,Sanchez,1000234,Cali,71,maria234@mail.com,3100000234,Calle 234,cliente,pass123
235,Ana,Martinez,1000235,Cali,17,ana235@mail.com,3100000235,Calle 235,cliente,pass123
236,Juan,Martinez,1000236,Buga,34,juan236@mail.com,3100000236,Calle 236,cliente,pass123
237,Paula,Perez,1000237,Buga,15,paula237@mail.com,3100000237,Calle 237,cliente,pass123
238,Diego,Lopez,1000238,Medellín,47,diego238@mail.com,3100000238,Calle 238,cliente,pass123
239,Diego,Martinez,1000239,Palmira,20,diego239@mail.com,3100000239,Calle 239,cliente,pass123
240,Maria,Perez,1000240,Palmira,67,maria240@mail.com,3100000240,Calle 240,cliente,pass123
241,Ana,Sanchez,1000241,Cali,32,ana241@mail.com,3100000241,Calle 241,cliente,pass123
242,Paula,Sanchez,1000242,Cali,39,paula242@mail.com,3100000242,Calle 242,cliente,pass123
243,Luis,Gomez,1000243,Medellín,35,luis243@mail.com,3100000243,Calle 243,cliente,pass123
244,Ana,Sanchez,1000244,Cali,52,ana244@mail.com,3100000244,Calle 244,cliente,pass123
245,Juan,Sanchez,1000245,Cali,62,juan245@mail.com,3100000245,Calle 245,cliente,pass123
246,Maria,Perez,1000246,Cali,27,maria246@mail.com,3100000246,Calle 246,cliente,pass123
247,Diego,Gomez,1000247,Medellín,60,diego247@mail.com,3100000247,Calle 247,cliente,pass123
248,Ana,Martinez,1000248,Buga,47,ana248@mail.com,3100000248,Calle 248,cliente,pass123
249,Maria,Martinez,1000249,Medellín,80,maria249@mail.com,3100000249,Calle 249,cliente,pass123
250,Maria,Gomez,1000250,Palmira,61,maria250@mail.com,3100000250,Calle 250,cliente,pass123
251,Luis,Sanchez,1000251,Cali,72,luis251@mail.com,3100000251,Calle 251,cliente,pass123
252,Diego,Sanchez,1000252,Bogotá,51,diego252@mail.com,3100000252,Calle 252,cliente,pass123
253,Ana,Martinez,1000253,Buga,44,ana253@mail.com,3100000253,Calle 253,cliente,pass123
254,Juan,Rodriguez,1000254,Bogotá,34,juan254@mail.com,3100000254,Calle 254,cliente,pass123
255,Paula,Sanchez,1000255,Bogotá,72,paula255@mail.com,3100000255,Calle 255,cliente,pass123
256,Ana,Sanchez,1000256,Bogotá,77,ana256@mail.com,3100000256,Calle 256,cliente,pass123
257,Ana,Rodriguez,1000257,Medellín,26,ana257@mail.com,3100000257,Calle 257,cliente,pass123
258,Maria,Sanchez,1000258,Medellín,69,maria258@mail.com,3100000258,Calle 258,cliente,pass123
259,Carlos,Rodriguez,1000259,Palmira,43,carlos259@mail.com,3100000259,Calle 259,cliente,pass123
260,Paula,Lopez,1000260,Palmira,51,paula260@mail.com,3100000260,Calle 260,cliente,pass123
261,Paula,Rodriguez,1000261,Cali,29,paula261@mail.com,3100000261,Calle 261,cliente,pass123
262,Paula,Rodriguez,1000262,Palmira,53,paula262@mail.com,3100000262,Calle 262,cliente,pass123
263,Juan,Sanchez,1000263,Palmira,32,juan263@mail.com,3100000263,Calle 263,cliente,pass123
264,Juan,Perez,1000264,Medellín,17,juan264@mail.com,3100000264,Calle 264,cliente,pass123
265,Luis,Gomez,1000265,Buga,36,luis265@mail.com,3100000265,Calle 265,cliente,pass123
266,Maria,Gomez,1000266,Medellín,28,maria266@mail.com,3100000266,Calle 266,cliente,pass123
267,Paula,Perez,1000267,Palmira,17,paula267@mail.com,3100000267,Calle 267,cliente,pass123
268,Maria,Gomez,1000268,Cali,50,maria268@mail.com,3100000268,Calle 268,cliente,pass123
269,Luis,Rodriguez,1000269,Medellín,24,luis269@mail.com,3100000269,Calle 269,cliente,pass123
270,Carlos,Sanchez,1000270,Medellín,17,carlos270@mail.com,3100000270,Calle 270,cliente,pass123
271,Juan,Rodriguez,1000271,Palmira,62,juan271@mail.com,3100000271,Calle 271,cliente,pass123
272,Ana,Lopez,1000272,Buga,63,ana272@mail.com,3100000272,Calle 272,cliente,pass123
273,Diego,Sanchez,1000273,Medellín,55,diego273@mail.com,3100000273,Calle 273,cliente,pass123
274,Ana,Sanchez,1000274,Buga,54,ana274@mail.com,3100000274,Calle 274,cliente,pass123
275,Ana,Lopez,1000275,Bogotá,63,ana275@mail.com,3100000275,Calle 275,cliente,pass123
276,Diego,Gomez,1000276,Bogotá,27,diego276@mail.com,3100000276,Calle 276,cliente,pass123
277,Diego,Gomez,1000277,Buga,45,diego277@mail.com,3100000277,Calle 277,cliente,pass123
278,Luis,Gomez,1000278,Palmira,60,luis278@mail.com,3100000278,Calle 278,cliente,pass123
279,Juan,Martinez,1000279,Cali,77,juan279@mail.com,3100000279,Calle 279,cliente,pass123
280,Luis,Rodriguez,1000280,Palmira,15,luis280@mail.com,3100000280,Calle 280,cliente,pass123
281,Ana,Martinez,1000281,Buga,74,ana281@mail.com,3100000281,Calle 281,cliente,pass123
282,Luis,Perez,1000282,Bogotá,20,luis282@mail.com,3100000282,Calle 282,cliente,pass123
283,Ana,Martinez,1000283,Bogotá,19,ana283@mail.com,3100000283,Calle 283,cliente,pass123
284,Paula,Rodriguez,1000284,Buga,38,paula284@mail.com,3100000284,Calle 284,cliente,pass123
285,Luis,Gomez,1000285,Buga,46,luis285@mail.com,3100000285,Calle 285,cliente,pass123
286,Maria,Gomez,1000286,Buga,44,maria286@mail.com,3100000286,Calle 286,cliente,pass123
287,Carlos,Rodriguez,1000287,Cali,31,carlos287@mail.com,3100000287,Calle 287,cliente,pass123
288,Paula,Perez,1000288,Palmira,59,paula288@mail.com,3100000288,Calle 288,cliente,pass123
289,Elena,Lopez,1000289,Buga,71,elena289@mail.com,3100000289,Calle 289,cliente,pass123
290,Luis,Perez,1000290,Palmira,45,luis290@mail.com,3100000290,Calle 290,cliente,pass123
291,Elena,Sanchez,1000291,Cali,25,elena291@mail.com,3100000291,Calle 291,cliente,pass123
292,Luis,Gomez,1000292,Buga,65,luis292@mail.com,3100000292,Calle 292,cliente,pass123
293,Carlos,Lopez,1000293,Cali,58,carlos293@mail.com,3100000293,Calle 293,cliente,pass123
294,Maria,Perez,1000294,Buga,67,maria294@mail.com,3100000294,Calle 294,cliente,pass123
295,Juan,Lopez,1000295,Palmira,50,juan295@mail.com,3100000295,Calle 295,cliente,pass123
296,Juan,Perez,1000296,Bogotá,29,juan296@mail.com,3100000296,Calle 296,cliente,pass123
297,Luis,Sanchez,1000297,Medellín,54,luis297@mail.com,3100000297,Calle 297,cliente,pass123
298,Elena,Lopez,1000298,Cali,75,elena298@mail.com,3100000298,Calle 298,cliente,pass123
299,Carlos,Martinez,1000299,Cali,80,carlos299@mail.com,3100000299,Calle 299,cliente,pass123
300,Luis,Perez,1000300,Medellín,76,luis300@mail.com,3100000300,Calle 300,cliente,pass123
301,Elena,Sanchez,1000301,Bogotá,77,elena301@mail.com,3100000301,Calle 301,cliente,pass123
302,Ana,Martinez,1000302,Bogotá,21,ana302@mail.com,3100000302,Calle 302,cliente,pass123
303,Juan,Perez,1000303,Buga,46,juan303@mail.com,3100000303,Calle 303,cliente,pass123
304,Juan,Sanchez,1000304,Bogotá,36,juan304@mail.com,3100000304,Calle 304,cliente,pass123
305,Luis,Perez,1000305,Cali,17,luis305@mail.com,3100000305,Calle 305,cliente,pass123
306,Carlos,Sanchez,1000306,Medellín,16,carlos306@mail.com,3100000306,Calle 306,cliente,pass123
307,Diego,Perez,1000307,Buga,27,diego307@mail.com,3100000307,Calle 307,cliente,pass123
308,Elena,Gomez,1000308,Cali,48,elena308@mail.com,3100000308,Calle 308,cliente,pass123
309,Luis,Gomez,1000309,Medellín,62,luis309@mail.com,3100000309,Calle 309,cliente,pass123
310,Diego,Lopez,1000310,Cali,45,diego310@mail.com,3100000310,Calle 310,cliente,pass123
311,Elena,Lopez,1000311,Cali,57,elena311@mail.com,3100000311,Calle 311,cliente,pass123
312,Elena,Martinez,1000312,Medellín,63,elena312@mail.com,3100000312,Calle 312,cliente,pass123
313,Luis,Perez,1000313,Palmira,79,luis313@mail.com,3100000313,Calle 313,cliente,pass123
314,Paula,Gomez,1000314,Bogotá,78,paula314@mail.com,3100000314,Calle 314,cliente,pass123
315,Paula,Gomez,1000315,Medellín,29,paula315@mail.com,3100000315,Calle 315,cliente,pass123
316,Juan,Gomez,1000316,Bogotá,30,juan316@mail.com,3100000316,Calle 316,cliente,pass123
317,Paula,Gomez,1000317,Medellín,24,paula317@mail.com,3100000317,Calle 317,cliente,pass123
318,Carlos,Perez,1000318,Palmira,46,carlos318@mail.com,3100000318,Calle 318,cliente,pass123
319,Maria,Lopez,1000319,Palmira,43,maria319@mail.com,3100000319,Calle 319,cliente,pass123
320,Paula,Rodriguez,1000320,Palmira,67,paula320@mail.com,3100000320,Calle 320,cliente,pass123
321,Ana,Martinez,1000321,Cali,19,ana321@mail.com,3100000321,Calle 321,cliente,pass123
322,Paula,Gomez,1000322,Cali,69,paula322@mail.com,3100000322,Calle 322,cliente,pass123
323,Elena,Perez,1000323,Buga,23,elena323@mail.com,3100000323,Calle 323,cliente,pass123
324,Carlos,Perez,1000324,Buga,48,carlos324@mail.com,3100000324,Calle 324,cliente,pass123
325,Diego,Rodriguez,1000325,Buga,15,diego325@mail.com,3100000325,Calle 325,cliente,pass123
326,Ana,Rodriguez,1000326,Palmira,31,ana326@mail.com,3100000326,Calle 326,cliente,pass123
327,Luis,Gomez,1000327,Cali,57,luis327@mail.com,3100000327,Calle 327,cliente,pass123
328,Paula,Rodriguez,1000328,Buga,20,paula328@mail.com,3100000328,Calle 328,cliente,pass123
329,Juan,Martinez,1000329,Bogotá,75,juan329@mail.com,3100000329,Calle 329,cliente,pass123
330,Juan,Rodriguez,1000330,Bogotá,70,juan330@mail.com,3100000330,Calle 330,cliente,pass123
331,Elena,Sanchez,1000331,Bogotá,37,elena331@mail.com,3100000331,Calle 331,cliente,pass123
332,Ana,Martinez,1000332,Bogotá,33,ana332@mail.com,3100000332,Calle 332,cliente,pass123
333,Paula,Martinez,1000333,Bogotá,54,paula333@mail.com,3100000333,Calle 333,cliente,pass123
334,Diego,Sanchez,1000334,Cali,57,diego334@mail.com,3100000334,Calle 334,cliente,pass123
335,Carlos,Gomez,1000335,Cali,36,carlos335@mail.com,3100000335,Calle 335,cliente,pass123
336,Carlos,Perez,1000336,Palmira,63,carlos336@mail.com,3100000336,Calle 336,cliente,pass123
337,Luis,Perez,1000337,Medellín,55,luis337@mail.com,3100000337,Calle 337,cliente,pass123
338,Elena,Sanchez,1000338,Palmira,43,elena338@mail.com,3100000338,Calle 338,cliente,pass123
339,Carlos,Lopez,1000339,Buga,66,carlos339@mail.com,3100000339,Calle 339,cliente,pass123
340,Paula,Martinez,1000340,Cali,78,paula340@mail.com,3100000340,Calle 340,cliente,pass123
341,Diego,Lopez,1000341,Bogotá,80,diego341@mail.com,3100000341,Calle 341,cliente,pass123
342,Elena,Rodriguez,1000342,Medellín,76,elena342@mail.com,3100000342,Calle 342,cliente,pass123
343,Juan,Rodriguez,1000343,Bogotá,42,juan343@mail.com,3100000343,Calle 343,cliente,pass123
344,Carlos,Lopez,1000344,Cali,35,carlos344@mail.com,3100000344,Calle 344,cliente,pass123
345,Elena,Perez,1000345,Medellín,45,elena345@mail.com,3100000345,Calle 345,cliente,pass123
346,Maria,Martinez,1000346,Medellín,48,maria346@mail.com,3100000346,Calle 346,cliente,pass123
347,Juan,Rodriguez,1000347,Buga,23,juan347@mail.com,3100000347,Calle 347,cliente,pass123
348,Luis,Gomez,1000348,Palmira,55,luis348@mail.com,3100000348,Calle 348,cliente,pass123
349,Paula,Gomez,1000349,Palmira,29,paula349@mail.com,3100000349,Calle 349,cliente,pass123
350,Maria,Rodriguez,1000350,Medellín,50,maria350@mail.com,3100000350,Calle 350,cliente,pass123
351,Elena,Lopez,1000351,Palmira,48,elena351@mail.com,3100000351,Calle 351,cliente,pass123
352,Elena,Gomez,1000352,Buga,16,elena352@mail.com,3100000352,Calle 352,cliente,pass123
353,Paula,Lopez,1000353,Cali,37,paula353@mail.com,3100000353,Calle 353,cliente,pass123
354,Luis,Sanchez,1000354,Bogotá,42,luis354@mail.com,3100000354,Calle 354,cliente,pass123
355,Paula,Rodriguez,1000355,Palmira,33,paula355@mail.com,3100000355,Calle 355,cliente,pass123
356,Luis,Perez,1000356,Buga,38,luis356@mail.com,3100000356,Calle 356,cliente,pass123
357,Juan,Martinez,1000357,Palmira,21,juan357@mail.com,3100000357,Calle 357,cliente,pass123
358,Maria,Sanchez,1000358,Medellín,80,maria358@mail.com,3100000358,Calle 358,cliente,pass123
359,Elena,Martinez,1000359,Palmira,16,elena359@mail.com,3100000359,Calle 359,cliente,pass123
360,Maria,Sanchez,1000360,Palmira,25,maria360@mail.com,3100000360,Calle 360,cliente,pass123
361,Elena,Martinez,1000361,Cali,64,elena361@mail.com,3100000361,Calle 361,cliente,pass123
362,Elena,Gomez,1000362,Bogotá,56,elena362@mail.com,3100000362,Calle 362,cliente,pass123
363,Luis,Sanchez,1000363,Medellín,22,luis363@mail.com,3100000363,Calle 363,cliente,pass123
364,Elena,Lopez,1000364,Palmira,65,elena364@mail.com,3100000364,Calle 364,cliente,pass123
365,Juan,Martinez,1000365,Medellín,31,juan365@mail.com,3100000365,Calle 365,cliente,pass123
366,Ana,Rodriguez,1000366,Cali,44,ana366@mail.com,3100000366,Calle 366,cliente,pass123
367,Paula,Lopez,1000367,Buga,70,paula367@mail.com,3100000367,Calle 367,cliente,pass123
368,Juan,Perez,1000368,Medellín,16,juan368@mail.com,3100000368,Calle 368,cliente,pass123
369,Ana,Perez,1000369,Buga,55,ana369@mail.com,3100000369,Calle 369,cliente,pass123
370,Ana,Sanchez,1000370,Buga,49,ana370@mail.com,3100000370,Calle 370,cliente,pass123
371,Luis,Gomez,1000371,Cali,27,luis371@mail.com,3100000371,Calle 371,cliente,pass123
372,Carlos,Rodriguez,1000372,Medellín,46,carlos372@mail.com,3100000372,Calle 372,cliente,pass123
373,Diego,Perez,1000373,Cali,51,diego373@mail.com,3100000373,Calle 373,cliente,pass123
374,Paula,Martinez,1000374,Buga,37,paula374@mail.com,3100000374,Calle 374,cliente,pass123
375,Elena,Lopez,1000375,Palmira,76,elena375@mail.com,3100000375,Calle 375,cliente,pass123
376,Elena,Gomez,1000376,Cali,61,elena376@mail.com,3100000376,Calle 376,cliente,pass123
377,Juan,Martinez,1000377,Buga,48,juan377@mail.com,3100000377,Calle 377,cliente,pass123
378,Ana,Perez,1000378,Bogotá,51,ana378@mail.com,3100000378,Calle 378,cliente,pass123
379,Diego,Perez,1000379,Cali,69,diego379@mail.com,3100000379,Calle 379,cliente,pass123
380,Paula,Sanchez,1000380,Buga,21,paula380@mail.com,3100000380,Calle 380,cliente,pass123
381,Carlos,Sanchez,1000381,Palmira,27,carlos381@mail.com,3100000381,Calle 381,cliente,pass123
382,Elena,Perez,1000382,Cali,49,elena382@mail.com,3100000382,Calle 382,cliente,pass123
383,Elena,Gomez,1000383,Bogotá,43,elena383@mail.com,3100000383,Calle 383,cliente,pass123
384,Elena,Sanchez,1000384,Buga,45,elena384@mail.com,3100000384,Calle 384,cliente,pass123
385,Ana,Sanchez,1000385,Buga,17,ana385@mail.com,3100000385,Calle 385,cliente,pass123
386,Juan,Lopez,1000386,Palmira,27,juan386@mail.com,3100000386,Calle 386,cliente,pass123
387,Maria,Sanchez,1000387,Cali,45,maria387@mail.com,3100000387,Calle 387,cliente,pass123
388,Diego,Rodriguez,1000388,Buga,31,diego388@mail.com,3100000388,Calle 388,cliente,pass123
389,Juan,Rodriguez,1000389,Bogotá,55,juan389@mail.com,3100000389,Calle 389,cliente,pass123
390,Luis,Lopez,1000390,Bogotá,80,luis390@mail.com,3100000390,Calle 390,cliente,pass123
391,Carlos,Sanchez,1000391,Bogotá,59,carlos391@mail.com,3100000391,Calle 391,cliente,pass123
392,Juan,Martinez,1000392,Buga,53,juan392@mail.com,3100000392,Calle 392,cliente,pass123
393,Ana,Rodriguez,1000393,Palmira,79,ana393@mail.com,3100000393,Calle 393,cliente,pass123
394,Carlos,Lopez,1000394,Cali,79,carlos394@mail.com,3100000394,Calle 394,cliente,pass123
395,Juan,Martinez,1000395,Buga,47,juan395@mail.com,3100000395,Calle 395,cliente,pass123
396,Carlos,Sanchez,1000396,Bogotá,57,carlos396@mail.com,3100000396,Calle 396,cliente,pass123
397,Paula,Rodriguez,1000397,Cali,31,paula397@mail.com,3100000397,Calle 397,cliente,pass123
398,Ana,Sanchez,1000398,Bogotá,60,ana398@mail.com,3100000398,Calle 398,cliente,pass123
399,Ana,Rodriguez,1000399,Bogotá,40,ana399@mail.com,3100000399,Calle 399,cliente,pass123
400,Paula,Rodriguez,1000400,Buga,38,paula400@mail.com,3100000400,Calle 400,cliente,pass123
401,Carlos,Perez,1000401,Palmira,62,carlos401@mail.com,3100000401,Calle 401,cliente,pass123
402,Juan,Perez,1000402,Palmira,21,juan402@mail.com,3100000402,Calle 402,cliente,pass123
403,Paula,Rodriguez,1000403,Medellín,72,paula403@mail.com,3100000403,Calle 403,cliente,pass123
404,Diego,Perez,1000404,Bogotá,34,diego404@mail.com,3100000404,Calle 404,cliente,pass123
405,Luis,Gomez,1000405,Cali,61,luis405@mail.com,3100000405,Calle 405,cliente,pass123
406,Paula,Sanchez,1000406,Cali,72,paula406@mail.com,3100000406,Calle 406,cliente,pass123
407,Paula,Rodriguez,1000407,Buga,68,paula407@mail.com,3100000407,Calle 407,cliente,pass123
408,Juan,Rodriguez,1000408,Bogotá,78,juan408@mail.com,3100000408,Calle 408,cliente,pass123
409,Ana,Martinez,1000409,Cali,77,ana409@mail.com,3100000409,Calle 409,cliente,pass123
410,Maria,Gomez,1000410,Bogotá,64,maria410@mail.com,3100000410,Calle 410,cliente,pass123
411,Diego,Martinez,1000411,Buga,73,diego411@mail.com,3100000411,Calle 411,cliente,pass123
412,Diego,Rodriguez,1000412,Buga,72,diego412@mail.com,3100000412,Calle 412,cliente,pass123
413,Maria,Perez,1000413,Medellín,31,maria413@mail.com,3100000413,Calle 413,cliente,pass123
414,Elena,Rodriguez,1000414,Bogotá,66,elena414@mail.com,3100000414,Calle 414,cliente,pass123
415,Luis,Rodriguez,1000415,Cali,58,luis415@mail.com,3100000415,Calle 415,cliente,pass123
416,Ana,Perez,1000416,Buga,19,ana416@mail.com,3100000416,Calle 416,cliente,pass123
417,Paula,Martinez,1000417,Palmira,31,paula417@mail.com,3100000417,Calle 417,cliente,pass123
418,Maria,Martinez,1000418,Buga,39,maria418@mail.com,3100000418,Calle 418,cliente,pass123
419,Elena,Sanchez,1000419,Bogotá,65,elena419@mail.com,3100000419,Calle 419,cliente,pass123
420,Maria,Lopez,1000420,Buga,19,maria420@mail.com,3100000420,Calle 420,cliente,pass123
421,Carlos,Sanchez,1000421,Cali,72,carlos421@mail.com,3100000421,Calle 421,cliente,pass123
422,Maria,Martinez,1000422,Medellín,53,maria422@mail.com,3100000422,Calle 422,cliente,pass123
423,Ana,Perez,1000423,Buga,76,ana423@mail.com,3100000423,Calle 423,cliente,pass123
424,Juan,Gomez,1000424,Cali,71,juan424@mail.com,3100000424,Calle 424,cliente,pass123
425,Luis,Martinez,1000425,Bogotá,15,luis425@mail.com,3100000425,Calle 425,cliente,pass123
426,Carlos,Rodriguez,1000426,Cali,53,carlos426@mail.com,3100000426,Calle 426,cliente,pass123
427,Ana,Gomez,1000427,Bogotá,17,ana427@mail.com,3100000427,Calle 427,cliente,pass123
428,Juan,Lopez,1000428,Cali,59,juan428@mail.com,3100000428,Calle 428,cliente,pass123
429,Elena,Gomez,1000429,Bogotá,41,elena429@mail.com,3100000429,Calle 429,cliente,pass123
430,Ana,Sanchez,1000430,Palmira,74,ana430@mail.com,3100000430,Calle 430,cliente,pass123
431,Juan,Lopez,1000431,Bogotá,73,juan431@mail.com,3100000431,Calle 431,cliente,pass123
432,Luis,Martinez,1000432,Bogotá,76,luis432@mail.com,3100000432,Calle 432,cliente,pass123
433,Maria,Martinez,1000433,Cali,48,maria433@mail.com,3100000433,Calle 433,cliente,pass123
434,Diego,Sanchez,1000434,Cali,28,diego434@mail.com,3100000434,Calle 434,cliente,pass123
435,Maria,Perez,1000435,Bogotá,36,maria435@mail.com,3100000435,Calle 435,cliente,pass123
436,Carlos,Lopez,1000436,Bogotá,47,carlos436@mail.com,3100000436,Calle 436,cliente,pass123
437,Ana,Lopez,1000437,Buga,33,ana437@mail.com,3100000437,Calle 437,cliente,pass123
438,Ana,Lopez,1000438,Cali,24,ana438@mail.com,3100000438,Calle 438,cliente,pass123
439,Paula,Perez,1000439,Bogotá,57,paula439@mail.com,3100000439,Calle 439,cliente,pass123
440,Ana,Rodriguez,1000440,Medellín,54,ana440@mail.com,3100000440,Calle 440,cliente,pass123
441,Luis,Gomez,1000441,Palmira,65,luis441@mail.com,3100000441,Calle 441,cliente,pass123
442,Elena,Perez,1000442,Bogotá,67,elena442@mail.com,3100000442,Calle 442,cliente,pass123
443,Juan,Rodriguez,1000443,Cali,68,juan443@mail.com,3100000443,Calle 443,cliente,pass123
444,Ana,Lopez,1000444,Medellín,22,ana444@mail.com,3100000444,Calle 444,cliente,pass123
445,Carlos,Sanchez,1000445,Buga,48,carlos445@mail.com,3100000445,Calle 445,cliente,pass123
446,Diego,Rodriguez,1000446,Cali,34,diego446@mail.com,3100000446,Calle 446,cliente,pass123
447,Paula,Martinez,1000447,Cali,72,paula447@mail.com,3100000447,Calle 447,cliente,pass123
448,Carlos,Gomez,1000448,Medellín,46,carlos448@mail.com,3100000448,Calle 448,cliente,pass123
449,Maria,Lopez,1000449,Medellín,16,maria449@mail.com,3100000449,Calle 449,cliente,pass123
450,Ana,Martinez,1000450,Medellín,21,ana450@mail.com,3100000450,Calle 450,cliente,pass123
451,Ana,Perez,1000451,Medellín,58,ana451@mail.com,3100000451,Calle 451,cliente,pass123
452,Juan,Lopez,1000452,Bogotá,56,juan452@mail.com,3100000452,Calle 452,cliente,pass123
453,Paula,Rodriguez,1000453,Medellín,76,paula453@mail.com,3100000453,Calle 453,cliente,pass123
454,Carlos,Perez,1000454,Medellín,21,carlos454@mail.com,3100000454,Calle 454,cliente,pass123
455,Luis,Rodriguez,1000455,Medellín,35,luis455@mail.com,3100000455,Calle 455,cliente,pass123
456,Diego,Perez,1000456,Palmira,28,diego456@mail.com,3100000456,Calle 456,cliente,pass123
457,Diego,Perez,1000457,Bogotá,63,diego457@mail.com,3100000457,Calle 457,cliente,pass123
458,Elena,Lopez,1000458,Medellín,45,elena458@mail.com,3100000458,Calle 458,cliente,pass123
459,Maria,Martinez,1000459,Medellín,55,maria459@mail.com,3100000459,Calle 459,cliente,pass123
460,Maria,Perez,1000460,Bogotá,34,maria460@mail.com,3100000460,Calle 460,cliente,pass123
461,Carlos,Lopez,1000461,Bogotá,54,carlos461@mail.com,3100000461,Calle 461,cliente,pass123
462,Luis,Rodriguez,1000462,Buga,39,luis462@mail.com,3100000462,Calle 462,cliente,pass123
463,Luis,Gomez,1000463,Palmira,15,luis463@mail.com,3100000463,Calle 463,cliente,pass123
464,Juan,Martinez,1000464,Medellín,69,juan464@mail.com,3100000464,Calle 464,cliente,pass123
465,Paula,Sanchez,1000465,Buga,18,paula465@mail.com,3100000465,Calle 465,cliente,pass123
466,Diego,Sanchez,1000466,Medellín,41,diego466@mail.com,3100000466,Calle 466,cliente,pass123
467,Paula,Rodriguez,1000467,Medellín,51,paula467@mail.com,3100000467,Calle 467,cliente,pass123
468,Luis,Sanchez,1000468,Palmira,34,luis468@mail.com,3100000468,Calle 468,cliente,pass123
469,Carlos,Gomez,1000469,Bogotá,16,carlos469@mail.com,3100000469,Calle 469,cliente,pass123
470,Ana,Gomez,1000470,Bogotá,36,ana470@mail.com,3100000470,Calle 470,cliente,pass123
471,Carlos,Gomez,1000471,Medellín,35,carlos471@mail.com,3100000471,Calle 471,cliente,pass123
472,Maria,Perez,1000472,Bogotá,61,maria472@mail.com,3100000472,Calle 472,cliente,pass123
473,Paula,Perez,1000473,Buga,15,paula473@mail.com,3100000473,Calle 473,cliente,pass123
474,Luis,Martinez,1000474,Cali,17,luis474@mail.com,3100000474,Calle 474,cliente,pass123
475,Luis,Sanchez,1000475,Cali,66,luis475@mail.com,3100000475,Calle 475,cliente,pass123
476,Diego,Sanchez,1000476,Buga,26,diego476@mail.com,3100000476,Calle 476,cliente,pass123
477,Juan,Martinez,1000477,Cali,31,juan477@mail.com,3100000477,Calle 477,cliente,pass123
478,Elena,Perez,1000478,Medellín,53,elena478@mail.com,3100000478,Calle 478,cliente,pass123
479,Elena,Rodriguez,1000479,Buga,63,elena479@mail.com,3100000479,Calle 479,cliente,pass123
480,Juan,Sanchez,1000480,Buga,33,juan480@mail.com,3100000480,Calle 480,cliente,pass123
481,Paula,Lopez,1000481,Cali,78,paula481@mail.com,3100000481,Calle 481,cliente,pass123
482,Carlos,Martinez,1000482,Bogotá,78,carlos482@mail.com,3100000482,Calle 482,cliente,pass123
483,Maria,Martinez,1000483,Buga,51,maria483@mail.com,3100000483,Calle 483,cliente,pass123
484,Elena,Gomez,1000484,Medellín,26,elena484@mail.com,3100000484,Calle 484,cliente,pass123
485,Luis,Sanchez,1000485,Bogotá,58,luis485@mail.com,3100000485,Calle 485,cliente,pass123
486,Elena,Martinez,1000486,Bogotá,16,elena486@mail.com,3100000486,Calle 486,cliente,pass123
487,Juan,Martinez,1000487,Palmira,80,juan487@mail.com,3100000487,Calle 487,cliente,pass123
488,Juan,Gomez,1000488,Buga,71,juan488@mail.com,3100000488,Calle 488,cliente,pass123
489,Diego,Perez,1000489,Bogotá,68,diego489@mail.com,3100000489,Calle 489,cliente,pass123
490,Luis,Martinez,1000490,Buga,47,luis490@mail.com,3100000490,Calle 490,cliente,pass123
491,Diego,Sanchez,1000491,Cali,21,diego491@mail.com,3100000491,Calle 491,cliente,pass123
492,Luis,Gomez,1000492,Bogotá,55,luis492@mail.com,3100000492,Calle 492,cliente,pass123
493,Luis,Sanchez,1000493,Medellín,14,luis493@mail.com,3100000493,Calle 493,cliente,pass123
494,Luis,Rodriguez,1000494,Buga,58,luis494@mail.com,3100000494,Calle 494,cliente,pass123
495,Elena,Martinez,1000495,Bogotá,26,elena495@mail.com,3100000495,Calle 495,cliente,pass123
496,Diego,Perez,1000496,Buga,80,diego496@mail.com,3100000496,Calle 496,cliente,pass123
497,Luis,Gomez,1000497,Palmira,14,luis497@mail.com,3100000497,Calle 497,cliente,pass123
498,Diego,Sanchez,1000498,Medellín,19,diego498@mail.com,3100000498,Calle 498,cliente,pass123
499,Juan,Gomez,1000499,Palmira,46,juan499@mail.com,3100000499,Calle 499,cliente,pass123
500,Elena,Rodriguez,1000500,Cali,63,elena500@mail.com,3100000500,Calle 500,cliente,pass123
501,Elena,Rodriguez,1000501,Medellín,41,elena501@mail.com,3100000501,Calle 501,cliente,pass123
502,Luis,Perez,1000502,Buga,35,luis502@mail.com,3100000502,Calle 502,cliente,pass123
503,Luis,Gomez,1000503,Cali,45,luis503@mail.com,3100000503,Calle 503,cliente,pass123
504,Paula,Gomez,1000504,Bogotá,62,paula504@mail.com,3100000504,Calle 504,cliente,pass123
505,Luis,Rodriguez,1000505,Medellín,19,luis505@mail.com,3100000505,Calle 505,cliente,pass123
506,Paula,Rodriguez,1000506,Buga,66,paula506@mail.com,3100000506,Calle 506,cliente,pass123
507,Carlos,Martinez,1000507,Bogotá,49,carlos507@mail.com,3100000507,Calle 507,cliente,pass123
508,Diego,Rodriguez,1000508,Medellín,55,diego508@mail.com,3100000508,Calle 508,cliente,pass123
509,Elena,Gomez,1000509,Medellín,19,elena509@mail.com,3100000509,Calle 509,cliente,pass123
510,Maria,Sanchez,1000510,Bogotá,68,maria510@mail.com,3100000510,Calle 510,cliente,pass123
511,Juan,Rodriguez,1000511,Buga,80,juan511@mail.com,3100000511,Calle 511,cliente,pass123
512,Ana,Gomez,1000512,Buga,77,ana512@mail.com,3100000512,Calle 512,cliente,pass123
513,Carlos,Rodriguez,1000513,Bogotá,70,carlos513@mail.com,3100000513,Calle 513,cliente,pass123
514,Maria,Lopez,1000514,Cali,78,maria514@mail.com,3100000514,Calle 514,cliente,pass123
515,Luis,Perez,1000515,Bogotá,45,luis515@mail.com,3100000515,Calle 515,cliente,pass123
516,Maria,Lopez,1000516,Cali,64,maria516@mail.com,3100000516,Calle 516,cliente,pass123
517,Diego,Gomez,1000517,Palmira,24,diego517@mail.com,3100000517,Calle 517,cliente,pass123
518,Paula,Rodriguez,1000518,Cali,32,paula518@mail.com,3100000518,Calle 518,cliente,pass123
519,Carlos,Martinez,1000519,Palmira,40,carlos519@mail.com,3100000519,Calle 519,cliente,pass123
520,Luis,Lopez,1000520,Palmira,15,luis520@mail.com,3100000520,Calle 520,cliente,pass123
521,Elena,Sanchez,1000521,Buga,46,elena521@mail.com,3100000521,Calle 521,cliente,pass123
522,Juan,Sanchez,1000522,Medellín,78,juan522@mail.com,3100000522,Calle 522,cliente,pass123
523,Ana,Rodriguez,1000523,Cali,40,ana523@mail.com,3100000523,Calle 523,cliente,pass123
524,Ana,Gomez,1000524,Palmira,30,ana524@mail.com,3100000524,Calle 524,cliente,pass123
525,Maria,Perez,1000525,Bogotá,34,maria525@mail.com,3100000525,Calle 525,cliente,pass123
526,Elena,Rodriguez,1000526,Bogotá,40,elena526@mail.com,3100000526,Calle 526,cliente,pass123
527,Paula,Sanchez,1000527,Cali,34,paula527@mail.com,3100000527,Calle 527,cliente,pass123
528,Elena,Gomez,1000528,Palmira,70,elena528@mail.com,3100000528,Calle 528,cliente,pass123
529,Diego,Rodriguez,1000529,Buga,37,diego529@mail.com,3100000529,Calle 529,cliente,pass123
530,Maria,Sanchez,1000530,Palmira,79,maria530@mail.com,3100000530,Calle 530,cliente,pass123
531,Elena,Sanchez,1000531,Bogotá,79,elena531@mail.com,3100000531,Calle 531,cliente,pass123
532,Diego,Sanchez,1000532,Bogotá,15,diego532@mail.com,3100000532,Calle 532,cliente,pass123
533,Elena,Rodriguez,1000533,Buga,76,elena533@mail.com,3100000533,Calle 533,cliente,pass123
534,Ana,Gomez,1000534,Medellín,16,ana534@mail.com,3100000534,Calle 534,cliente,pass123
535,Carlos,Rodriguez,1000535,Medellín,27,carlos535@mail.com,3100000535,Calle 535,cliente,pass123
536,Diego,Martinez,1000536,Bogotá,61,diego536@mail.com,3100000536,Calle 536,cliente,pass123
537,Paula,Sanchez,1000537,Bogotá,76,paula537@mail.com,3100000537,Calle 537,cliente,pass123
538,Juan,Rodriguez,1000538,Palmira,74,juan538@mail.com,3100000538,Calle 538,cliente,pass123
539,Elena,Martinez,1000539,Buga,24,elena539@mail.com,3100000539,Calle 539,cliente,pass123
540,Paula,Gomez,1000540,Buga,20,paula540@mail.com,3100000540,Calle 540,cliente,pass123
541,Maria,Sanchez,1000541,Cali,67,maria541@mail.com,3100000541,Calle 541,cliente,pass123
542,Maria,Rodriguez,1000542,Cali,43,maria542@mail.com,3100000542,Calle 542,cliente,pass123
543,Ana,Perez,1000543,Palmira,38,ana543@mail.com,3100000543,Calle 543,cliente,pass123
544,Paula,Rodriguez,1000544,Bogotá,38,paula544@mail.com,3100000544,Calle 544,cliente,pass123
545,Ana,Perez,1000545,Buga,70,ana545@mail.com,3100000545,Calle 545,cliente,pass123
546,Luis,Martinez,1000546,Buga,19,luis546@mail.com,3100000546,Calle 546,cliente,pass123
547,Diego,Lopez,1000547,Palmira,80,diego547@mail.com,3100000547,Calle 547,cliente,pass123
548,Diego,Lopez,1000548,Buga,40,diego548@mail.com,3100000548,Calle 548,cliente,pass123
549,Ana,Martinez,1000549,Cali,39,ana549@mail.com,3100000549,Calle 549,cliente,pass123
550,Carlos,Perez,1000550,Bogotá,52,carlos550@mail.com,3100000550,Calle 550,cliente,pass123
551,Elena,Martinez,1000551,Medellín,19,elena551@mail.com,3100000551,Calle 551,cliente,pass123
552,Luis,Perez,1000552,Cali,31,luis552@mail.com,3100000552,Calle 552,cliente,pass123
553,Ana,Rodriguez,1000553,Buga,69,ana553@mail.com,3100000553,Calle 553,cliente,pass123
554,Juan,Lopez,1000554,Buga,59,juan554@mail.com,3100000554,Calle 554,cliente,pass123
555,Juan,Gomez,1000555,Bogotá,79,juan555@mail.com,3100000555,Calle 555,cliente,pass123
556,Luis,Martinez,1000556,Buga,39,luis556@mail.com,3100000556,Calle 556,cliente,pass123
557,Paula,Rodriguez,1000557,Palmira,33,paula557@mail.com,3100000557,Calle 557,cliente,pass123
558,Carlos,Gomez,1000558,Cali,25,carlos558@mail.com,3100000558,Calle 558,cliente,pass123
559,Luis,Rodriguez,1000559,Palmira,60,luis559@mail.com,3100000559,Calle 559,cliente,pass123
560,Juan,Perez,1000560,Bogotá,49,juan560@mail.com,3100000560,Calle 560,cliente,pass123
561,Elena,Lopez,1000561,Buga,17,elena561@mail.com,3100000561,Calle 561,cliente,pass123
562,Luis,Sanchez,1000562,Bogotá,48,luis562@mail.com,3100000562,Calle 562,cliente,pass123
563,Carlos,Perez,1000563,Bogotá,52,carlos563@mail.com,3100000563,Calle 563,cliente,pass123
564,Paula,Martinez,1000564,Bogotá,43,paula564@mail.com,3100000564,Calle 564,cliente,pass123
565,Maria,Perez,1000565,Buga,31,maria565@mail.com,3100000565,Calle 565,cliente,pass123
566,Luis,Martinez,1000566,Medellín,23,luis566@mail.com,3100000566,Calle 566,cliente,pass123
567,Luis,Martinez,1000567,Medellín,17,luis567@mail.com,3100000567,Calle 567,cliente,pass123
568,Luis,Gomez,1000568,Cali,46,luis568@mail.com,3100000568,Calle 568,cliente,pass123
569,Maria,Perez,1000569,Cali,20,maria569@mail.com,3100000569,Calle 569,cliente,pass123
570,Maria,Perez,1000570,Medellín,63,maria570@mail.com,3100000570,Calle 570,cliente,pass123
571,Paula,Martinez,1000571,Cali,26,paula571@mail.com,3100000571,Calle 571,cliente,pass123
572,Diego,Lopez,1000572,Cali,21,diego572@mail.com,3100000572,Calle 572,cliente,pass123
573,Carlos,Perez,1000573,Palmira,32,carlos573@mail.com,3100000573,Calle 573,cliente,pass123
574,Elena,Gomez,1000574,Bogotá,58,elena574@mail.com,3100000574,Calle 574,cliente,pass123
575,Paula,Perez,1000575,Bogotá,56,paula575@mail.com,3100000575,Calle 575,cliente,pass123
576,Elena,Lopez,1000576,Bogotá,71,elena576@mail.com,3100000576,Calle 576,cliente,pass123
577,Maria,Martinez,1000577,Bogotá,45,maria577@mail.com,3100000577,Calle 577,cliente,pass123
578,Maria,Lopez,1000578,Palmira,53,maria578@mail.com,3100000578,Calle 578,cliente,pass123
579,Elena,Sanchez,1000579,Bogotá,18,elena579@mail.com,3100000579,Calle 579,cliente,pass123
580,Luis,Gomez,1000580,Bogotá,63,luis580@mail.com,3100000580,Calle 580,cliente,pass123
581,Elena,Sanchez,1000581,Cali,78,elena581@mail.com,3100000581,Calle 581,cliente,pass123
582,Maria,Rodriguez,1000582,Palmira,58,maria582@mail.com,3100000582,Calle 582,cliente,pass123
583,Luis,Lopez,1000583,Palmira,72,luis583@mail.com,3100000583,Calle 583,cliente,pass123
584,Ana,Martinez,1000584,Palmira,31,ana584@mail.com,3100000584,Calle 584,cliente,pass123
585,Ana,Martinez,1000585,Medellín,64,ana585@mail.com,3100000585,Calle 585,cliente,pass123
586,Juan,Perez,1000586,Cali,76,juan586@mail.com,3100000586,Calle 586,cliente,pass123
587,Diego,Perez,1000587,Palmira,53,diego587@mail.com,3100000587,Calle 587,cliente,pass123
588,Maria,Lopez,1000588,Cali,48,maria588@mail.com,3100000588,Calle 588,cliente,pass123
589,Paula,Rodriguez,1000589,Palmira,75,paula589@mail.com,3100000589,Calle 589,cliente,pass123
590,Juan,Rodriguez,1000590,Palmira,31,juan590@mail.com,3100000590,Calle 590,cliente,pass123
591,Elena,Perez,1000591,Bogotá,19,elena591@mail.com,3100000591,Calle 591,cliente,pass123
592,Ana,Perez,1000592,Medellín,57,ana592@mail.com,3100000592,Calle 592,cliente,pass123
593,Luis,Sanchez,1000593,Medellín,70,luis593@mail.com,3100000593,Calle 593,cliente,pass123
594,Paula,Lopez,1000594,Buga,55,paula594@mail.com,3100000594,Calle 594,cliente,pass123
595,Diego,Martinez,1000595,Palmira,14,diego595@mail.com,3100000595,Calle 595,cliente,pass123
596,Carlos,Perez,1000596,Bogotá,55,carlos596@mail.com,3100000596,Calle 596,cliente,pass123
597,Maria,Martinez,1000597,Medellín,38,maria597@mail.com,3100000597,Calle 597,cliente,pass123
598,Luis,Gomez,1000598,Palmira,21,luis598@mail.com,3100000598,Calle 598,cliente,pass123
599,Luis,Gomez,1000599,Bogotá,30,luis599@mail.com,3100000599,Calle 599,cliente,pass123
600,Paula,Sanchez,1000600,Bogotá,48,paula600@mail.com,3100000600,Calle 600,cliente,pass123
601,Carlos,Sanchez,1000601,Palmira,20,carlos601@mail.com,3100000601,Calle 601,cliente,pass123
602,Maria,Martinez,1000602,Palmira,54,maria602@mail.com,3100000602,Calle 602,cliente,pass123
603,Maria,Lopez,1000603,Palmira,26,maria603@mail.com,3100000603,Calle 603,cliente,pass123
604,Luis,Martinez,1000604,Buga,49,luis604@mail.com,3100000604,Calle 604,cliente,pass123
605,Paula,Gomez,1000605,Bogotá,47,paula605@mail.com,3100000605,Calle 605,cliente,pass123
606,Ana,Lopez,1000606,Bogotá,68,ana606@mail.com,3100000606,Calle 606,cliente,pass123
607,Juan,Lopez,1000607,Bogotá,24,juan607@mail.com,3100000607,Calle 607,cliente,pass123
608,Ana,Perez,1000608,Palmira,34,ana608@mail.com,3100000608,Calle 608,cliente,pass123
609,Diego,Lopez,1000609,Medellín,77,diego609@mail.com,3100000609,Calle 609,cliente,pass123
610,Luis,Gomez,1000610,Palmira,56,luis610@mail.com,3100000610,Calle 610,cliente,pass123
611,Elena,Rodriguez,1000611,Palmira,37,elena611@mail.com,3100000611,Calle 611,cliente,pass123
612,Juan,Rodriguez,1000612,Buga,18,juan612@mail.com,3100000612,Calle 612,cliente,pass123
613,Juan,Rodriguez,1000613,Medellín,21,juan613@mail.com,3100000613,Calle 613,cliente,pass123
614,Carlos,Rodriguez,1000614,Palmira,61,carlos614@mail.com,3100000614,Calle 614,cliente,pass123
615,Luis,Rodriguez,1000615,Bogotá,79,luis615@mail.com,3100000615,Calle 615,cliente,pass123
616,Carlos,Gomez,1000616,Palmira,77,carlos616@mail.com,3100000616,Calle 616,cliente,pass123
617,Elena,Gomez,1000617,Medellín,43,elena617@mail.com,3100000617,Calle 617,cliente,pass123
618,Luis,Gomez,1000618,Cali,43,luis618@mail.com,3100000618,Calle 618,cliente,pass123
619,Carlos,Lopez,1000619,Bogotá,39,carlos619@mail.com,3100000619,Calle 619,cliente,pass123
620,Ana,Rodriguez,1000620,Palmira,54,ana620@mail.com,3100000620,Calle 620,cliente,pass123
621,Ana,Sanchez,1000621,Palmira,32,ana621@mail.com,3100000621,Calle 621,cliente,pass123
622,Luis,Sanchez,1000622,Buga,63,luis622@mail.com,3100000622,Calle 622,cliente,pass123
623,Paula,Rodriguez,1000623,Cali,14,paula623@mail.com,3100000623,Calle 623,cliente,pass123
624,Luis,Martinez,1000624,Palmira,45,luis624@mail.com,3100000624,Calle 624,cliente,pass123
625,Elena,Gomez,1000625,Cali,14,elena625@mail.com,3100000625,Calle 625,cliente,pass123
626,Luis,Martinez,1000626,Palmira,41,luis626@mail.com,3100000626,Calle 626,cliente,pass123
627,Juan,Sanchez,1000627,Medellín,76,juan627@mail.com,3100000627,Calle 627,cliente,pass123
628,Carlos,Gomez,1000628,Bogotá,43,carlos628@mail.com,3100000628,Calle 628,cliente,pass123
629,Ana,Lopez,1000629,Bogotá,28,ana629@mail.com,3100000629,Calle 629,cliente,pass123
630,Paula,Lopez,1000630,Bogotá,33,paula630@mail.com,3100000630,Calle 630,cliente,pass123
631,Elena,Rodriguez,1000631,Cali,41,elena631@mail.com,3100000631,Calle 631,cliente,pass123
632,Ana,Sanchez,1000632,Buga,50,ana632@mail.com,3100000632,Calle 632,cliente,pass123
633,Diego,Gomez,1000633,Cali,41,diego633@mail.com,3100000633,Calle 633,cliente,pass123
634,Carlos,Rodriguez,1000634,Buga,56,carlos634@mail.com,3100000634,Calle 634,cliente,pass123
635,Luis,Sanchez,1000635,Cali,44,luis635@mail.com,3100000635,Calle 635,cliente,pass123
636,Ana,Sanchez,1000636,Bogotá,49,ana636@mail.com,3100000636,Calle 636,cliente,pass123
637,Luis,Gomez,1000637,Palmira,17,luis637@mail.com,3100000637,Calle 637,cliente,pass123
638,Luis,Rodriguez,1000638,Bogotá,44,luis638@mail.com,3100000638,Calle 638,cliente,pass123
639,Elena,Sanchez,1000639,Buga,66,elena639@mail.com,3100000639,Calle 639,cliente,pass123
640,Maria,Lopez,1000640,Buga,56,maria640@mail.com,3100000640,Calle 640,cliente,pass123
641,Paula,Lopez,1000641,Palmira,22,paula641@mail.com,3100000641,Calle 641,cliente,pass123
642,Paula,Martinez,1000642,Bogotá,18,paula642@mail.com,3100000642,Calle 642,cliente,pass123
643,Diego,Gomez,1000643,Cali,55,diego643@mail.com,3100000643,Calle 643,cliente,pass123
644,Ana,Lopez,1000644,Bogotá,72,ana644@mail.com,3100000644,Calle 644,cliente,pass123
645,Luis,Martinez,1000645,Palmira,55,luis645@mail.com,3100000645,Calle 645,cliente,pass123
646,Maria,Perez,1000646,Bogotá,67,maria646@mail.com,3100000646,Calle 646,cliente,pass123
647,Carlos,Gomez,1000647,Palmira,20,carlos647@mail.com,3100000647,Calle 647,cliente,pass123
648,Juan,Perez,1000648,Bogotá,61,juan648@mail.com,3100000648,Calle 648,cliente,pass123
649,Diego,Rodriguez,1000649,Palmira,47,diego649@mail.com,3100000649,Calle 649,cliente,pass123
650,Juan,Gomez,1000650,Palmira,55,juan650@mail.com,3100000650,Calle 650,cliente,pass123
651,Carlos,Lopez,1000651,Bogotá,43,carlos651@mail.com,3100000651,Calle 651,cliente,pass123
652,Maria,Martinez,1000652,Cali,66,maria652@mail.com,3100000652,Calle 652,cliente,pass123
653,Juan,Sanchez,1000653,Cali,52,juan653@mail.com,3100000653,Calle 653,cliente,pass123
654,Diego,Martinez,1000654,Cali,77,diego654@mail.com,3100000654,Calle 654,cliente,pass123
655,Juan,Rodriguez,1000655,Medellín,50,juan655@mail.com,3100000655,Calle 655,cliente,pass123
656,Luis,Gomez,1000656,Buga,74,luis656@mail.com,3100000656,Calle 656,cliente,pass123
657,Ana,Gomez,1000657,Buga,66,ana657@mail.com,3100000657,Calle 657,cliente,pass123
658,Ana,Lopez,1000658,Bogotá,26,ana658@mail.com,3100000658,Calle 658,cliente,pass123
659,Carlos,Sanchez,1000659,Cali,57,carlos659@mail.com,3100000659,Calle 659,cliente,pass123
660,Carlos,Gomez,1000660,Palmira,41,carlos660@mail.com,3100000660,Calle 660,cliente,pass123
661,Elena,Martinez,1000661,Palmira,25,elena661@mail.com,3100000661,Calle 661,cliente,pass123
662,Diego,Gomez,1000662,Medellín,50,diego662@mail.com,3100000662,Calle 662,cliente,pass123
663,Elena,Rodriguez,1000663,Palmira,31,elena663@mail.com,3100000663,Calle 663,cliente,pass123
664,Paula,Perez,1000664,Bogotá,76,paula664@mail.com,3100000664,Calle 664,cliente,pass123
665,Carlos,Sanchez,1000665,Cali,52,carlos665@mail.com,3100000665,Calle 665,cliente,pass123
666,Elena,Sanchez,1000666,Medellín,41,elena666@mail.com,3100000666,Calle 666,cliente,pass123
667,Paula,Sanchez,1000667,Cali,28,paula667@mail.com,3100000667,Calle 667,cliente,pass123
668,Juan,Perez,1000668,Palmira,14,juan668@mail.com,3100000668,Calle 668,cliente,pass123
669,Paula,Lopez,1000669,Medellín,23,paula669@mail.com,3100000669,Calle 669,cliente,pass123
670,Elena,Martinez,1000670,Cali,66,elena670@mail.com,3100000670,Calle 670,cliente,pass123
671,Elena,Rodriguez,1000671,Palmira,69,elena671@mail.com,3100000671,Calle 671,cliente,pass123
672,Luis,Lopez,1000672,Medellín,79,luis672@mail.com,3100000672,Calle 672,cliente,pass123
673,Luis,Gomez,1000673,Bogotá,70,luis673@mail.com,3100000673,Calle 673,cliente,pass123
674,Diego,Rodriguez,1000674,Palmira,42,diego674@mail.com,3100000674,Calle 674,cliente,pass123
675,Ana,Rodriguez,1000675,Palmira,70,ana675@mail.com,3100000675,Calle 675,cliente,pass123
676,Luis,Lopez,1000676,Medellín,67,luis676@mail.com,3100000676,Calle 676,cliente,pass123
677,Luis,Lopez,1000677,Palmira,69,luis677@mail.com,3100000677,Calle 677,cliente,pass123
678,Diego,Perez,1000678,Buga,14,diego678@mail.com,3100000678,Calle 678,cliente,pass123
679,Diego,Rodriguez,1000679,Palmira,27,diego679@mail.com,3100000679,Calle 679,cliente,pass123
680,Paula,Lopez,1000680,Palmira,14,paula680@mail.com,3100000680,Calle 680,cliente,pass123
681,Carlos,Gomez,1000681,Bogotá,51,carlos681@mail.com,3100000681,Calle 681,cliente,pass123
682,Luis,Lopez,1000682,Cali,78,luis682@mail.com,3100000682,Calle 682,cliente,pass123
683,Elena,Perez,1000683,Buga,32,elena683@mail.com,3100000683,Calle 683,cliente,pass123
684,Diego,Martinez,1000684,Medellín,79,diego684@mail.com,3100000684,Calle 684,cliente,pass123
685,Paula,Gomez,1000685,Medellín,41,paula685@mail.com,3100000685,Calle 685,cliente,pass123
686,Luis,Lopez,1000686,Bogotá,14,luis686@mail.com,3100000686,Calle 686,cliente,pass123
687,Juan,Rodriguez,1000687,Bogotá,61,juan687@mail.com,3100000687,Calle 687,cliente,pass123
688,Paula,Perez,1000688,Buga,65,paula688@mail.com,3100000688,Calle 688,cliente,pass123
689,Luis,Sanchez,1000689,Palmira,39,luis689@mail.com,3100000689,Calle 689,cliente,pass123
690,Elena,Perez,1000690,Cali,27,elena690@mail.com,3100000690,Calle 690,cliente,pass123
691,Elena,Perez,1000691,Medellín,60,elena691@mail.com,3100000691,Calle 691,cliente,pass123
692,Elena,Lopez,1000692,Medellín,72,elena692@mail.com,3100000692,Calle 692,cliente,pass123
693,Juan,Lopez,1000693,Palmira,36,juan693@mail.com,3100000693,Calle 693,cliente,pass123
694,Ana,Gomez,1000694,Bogotá,70,ana694@mail.com,3100000694,Calle 694,cliente,pass123
695,Luis,Perez,1000695,Buga,54,luis695@mail.com,3100000695,Calle 695,cliente,pass123
696,Juan,Lopez,1000696,Buga,68,juan696@mail.com,3100000696,Calle 696,cliente,pass123
697,Paula,Perez,1000697,Medellín,51,paula697@mail.com,3100000697,Calle 697,cliente,pass123
698,Maria,Sanchez,1000698,Bogotá,52,maria698@mail.com,3100000698,Calle 698,cliente,pass123
699,Diego,Lopez,1000699,Buga,55,diego699@mail.com,3100000699,Calle 699,cliente,pass123
700,Ana,Perez,1000700,Buga,62,ana700@mail.com,3100000700,Calle 700,cliente,pass123
701,Juan,Rodriguez,1000701,Palmira,49,juan701@mail.com,3100000701,Calle 701,cliente,pass123
702,Maria,Gomez,1000702,Bogotá,54,maria702@mail.com,3100000702,Calle 702,cliente,pass123
703,Juan,Sanchez,1000703,Cali,75,juan703@mail.com,3100000703,Calle 703,cliente,pass123
704,Elena,Rodriguez,1000704,Buga,77,elena704@mail.com,3100000704,Calle 704,cliente,pass123
705,Carlos,Lopez,1000705,Buga,56,carlos705@mail.com,3100000705,Calle 705,cliente,pass123
706,Diego,Gomez,1000706,Cali,63,diego706@mail.com,3100000706,Calle 706,cliente,pass123
707,Ana,Martinez,1000707,Palmira,61,ana707@mail.com,3100000707,Calle 707,cliente,pass123
708,Maria,Martinez,1000708,Medellín,78,maria708@mail.com,3100000708,Calle 708,cliente,pass123
709,Paula,Perez,1000709,Medellín,15,paula709@mail.com,3100000709,Calle 709,cliente,pass123
710,Elena,Lopez,1000710,Bogotá,36,elena710@mail.com,3100000710,Calle 710,cliente,pass123
711,Paula,Gomez,1000711,Medellín,45,paula711@mail.com,3100000711,Calle 711,cliente,pass123
712,Ana,Lopez,1000712,Cali,72,ana712@mail.com,3100000712,Calle 712,cliente,pass123
713,Ana,Martinez,1000713,Medellín,46,ana713@mail.com,3100000713,Calle 713,cliente,pass123
714,Maria,Martinez,1000714,Palmira,20,maria714@mail.com,3100000714,Calle 714,cliente,pass123
715,Paula,Perez,1000715,Bogotá,37,paula715@mail.com,3100000715,Calle 715,cliente,pass123
716,Elena,Sanchez,1000716,Medellín,28,elena716@mail.com,3100000716,Calle 716,cliente,pass123
717,Diego,Rodriguez,1000717,Buga,62,diego717@mail.com,3100000717,Calle 717,cliente,pass123
718,Diego,Lopez,1000718,Medellín,28,diego718@mail.com,3100000718,Calle 718,cliente,pass123
719,Maria,Perez,1000719,Medellín,67,maria719@mail.com,3100000719,Calle 719,cliente,pass123
720,Diego,Lopez,1000720,Bogotá,60,diego720@mail.com,3100000720,Calle 720,cliente,pass123
721,Luis,Rodriguez,1000721,Palmira,75,luis721@mail.com,3100000721,Calle 721,cliente,pass123
722,Ana,Sanchez,1000722,Cali,49,ana722@mail.com,3100000722,Calle 722,cliente,pass123
723,Ana,Gomez,1000723,Palmira,17,ana723@mail.com,3100000723,Calle 723,cliente,pass123
724,Elena,Lopez,1000724,Cali,45,elena724@mail.com,3100000724,Calle 724,cliente,pass123
725,Elena,Martinez,1000725,Medellín,53,elena725@mail.com,3100000725,Calle 725,cliente,pass123
726,Carlos,Martinez,1000726,Medellín,40,carlos726@mail.com,3100000726,Calle 726,cliente,pass123
727,Maria,Rodriguez,1000727,Cali,37,maria727@mail.com,3100000727,Calle 727,cliente,pass123
728,Ana,Martinez,1000728,Buga,80,ana728@mail.com,3100000728,Calle 728,cliente,pass123
729,Diego,Perez,1000729,Bogotá,80,diego729@mail.com,3100000729,Calle 729,cliente,pass123
730,Juan,Rodriguez,1000730,Buga,41,juan730@mail.com,3100000730,Calle 730,cliente,pass123
731,Juan,Perez,1000731,Palmira,30,juan731@mail.com,3100000731,Calle 731,cliente,pass123
732,Carlos,Sanchez,1000732,Palmira,73,carlos732@mail.com,3100000732,Calle 732,cliente,pass123
733,Carlos,Martinez,1000733,Palmira,68,carlos733@mail.com,3100000733,Calle 733,cliente,pass123
734,Ana,Gomez,1000734,Medellín,48,ana734@mail.com,3100000734,Calle 734,cliente,pass123
735,Maria,Gomez,1000735,Palmira,26,maria735@mail.com,3100000735,Calle 735,cliente,pass123
736,Ana,Sanchez,1000736,Buga,15,ana736@mail.com,3100000736,Calle 736,cliente,pass123
737,Carlos,Lopez,1000737,Palmira,65,carlos737@mail.com,3100000737,Calle 737,cliente,pass123
738,Carlos,Gomez,1000738,Buga,20,carlos738@mail.com,3100000738,Calle 738,cliente,pass123
739,Luis,Lopez,1000739,Medellín,49,luis739@mail.com,3100000739,Calle 739,cliente,pass123
740,Luis,Perez,1000740,Buga,29,luis740@mail.com,3100000740,Calle 740,cliente,pass123
741,Elena,Perez,1000741,Cali,56,elena741@mail.com,3100000741,Calle 741,cliente,pass123
742,Ana,Martinez,1000742,Cali,51,ana742@mail.com,3100000742,Calle 742,cliente,pass123
743,Diego,Sanchez,1000743,Buga,46,diego743@mail.com,3100000743,Calle 743,cliente,pass123
744,Elena,Perez,1000744,Bogotá,66,elena744@mail.com,3100000744,Calle 744,cliente,pass123
745,Ana,Martinez,1000745,Buga,69,ana745@mail.com,3100000745,Calle 745,cliente,pass123
746,Maria,Sanchez,1000746,Bogotá,39,maria746@mail.com,3100000746,Calle 746,cliente,pass123
747,Carlos,Perez,1000747,Bogotá,31,carlos747@mail.com,3100000747,Calle 747,cliente,pass123
748,Diego,Rodriguez,1000748,Palmira,55,diego748@mail.com,3100000748,Calle 748,cliente,pass123
749,Carlos,Sanchez,1000749,Buga,15,carlos749@mail.com,3100000749,Calle 749,cliente,pass123
750,Ana,Gomez,1000750,Buga,28,ana750@mail.com,3100000750,Calle 750,cliente,pass123
751,Ana,Gomez,1000751,Medellín,37,ana751@mail.com,3100000751,Calle 751,cliente,pass123
752,Diego,Rodriguez,1000752,Cali,48,diego752@mail.com,3100000752,Calle 752,cliente,pass123
753,Paula,Sanchez,1000753,Bogotá,43,paula753@mail.com,3100000753,Calle 753,cliente,pass123
754,Luis,Sanchez,1000754,Medellín,35,luis754@mail.com,3100000754,Calle 754,cliente,pass123
755,Maria,Martinez,1000755,Palmira,52,maria755@mail.com,3100000755,Calle 755,cliente,pass123
756,Diego,Martinez,1000756,Cali,14,diego756@mail.com,3100000756,Calle 756,cliente,pass123
757,Juan,Perez,1000757,Bogotá,24,juan757@mail.com,3100000757,Calle 757,cliente,pass123
758,Carlos,Perez,1000758,Buga,58,carlos758@mail.com,3100000758,Calle 758,cliente,pass123
759,Carlos,Rodriguez,1000759,Medellín,19,carlos759@mail.com,3100000759,Calle 759,cliente,pass123
760,Maria,Martinez,1000760,Buga,78,maria760@mail.com,3100000760,Calle 760,cliente,pass123
761,Elena,Lopez,1000761,Medellín,24,elena761@mail.com,3100000761,Calle 761,cliente,pass123
762,Paula,Sanchez,1000762,Cali,57,paula762@mail.com,3100000762,Calle 762,cliente,pass123
763,Maria,Sanchez,1000763,Palmira,32,maria763@mail.com,3100000763,Calle 763,cliente,pass123
764,Paula,Sanchez,1000764,Medellín,49,paula764@mail.com,3100000764,Calle 764,cliente,pass123
765,Luis,Sanchez,1000765,Cali,14,luis765@mail.com,3100000765,Calle 765,cliente,pass123
766,Luis,Perez,1000766,Buga,61,luis766@mail.com,3100000766,Calle 766,cliente,pass123
767,Maria,Lopez,1000767,Bogotá,39,maria767@mail.com,3100000767,Calle 767,cliente,pass123
768,Carlos,Sanchez,1000768,Buga,31,carlos768@mail.com,3100000768,Calle 768,cliente,pass123
769,Paula,Lopez,1000769,Cali,57,paula769@mail.com,3100000769,Calle 769,cliente,pass123
770,Juan,Gomez,1000770,Palmira,62,juan770@mail.com,3100000770,Calle 770,cliente,pass123
771,Maria,Martinez,1000771,Buga,75,maria771@mail.com,3100000771,Calle 771,cliente,pass123
772,Elena,Perez,1000772,Palmira,75,elena772@mail.com,3100000772,Calle 772,cliente,pass123
773,Maria,Perez,1000773,Cali,63,maria773@mail.com,3100000773,Calle 773,cliente,pass123
774,Luis,Perez,1000774,Palmira,46,luis774@mail.com,3100000774,Calle 774,cliente,pass123
775,Juan,Perez,1000775,Buga,69,juan775@mail.com,3100000775,Calle 775,cliente,pass123
776,Maria,Gomez,1000776,Buga,27,maria776@mail.com,3100000776,Calle 776,cliente,pass123
777,Luis,Perez,1000777,Bogotá,58,luis777@mail.com,3100000777,Calle 777,cliente,pass123
778,Diego,Lopez,1000778,Bogotá,50,diego778@mail.com,3100000778,Calle 778,cliente,pass123
779,Luis,Gomez,1000779,Cali,63,luis779@mail.com,3100000779,Calle 779,cliente,pass123
780,Luis,Perez,1000780,Palmira,16,luis780@mail.com,3100000780,Calle 780,cliente,pass123
781,Maria,Perez,1000781,Buga,33,maria781@mail.com,3100000781,Calle 781,cliente,pass123
782,Juan,Perez,1000782,Buga,31,juan782@mail.com,3100000782,Calle 782,cliente,pass123
783,Juan,Perez,1000783,Cali,31,juan783@mail.com,3100000783,Calle 783,cliente,pass123
784,Elena,Sanchez,1000784,Cali,68,elena784@mail.com,3100000784,Calle 784,cliente,pass123
785,Paula,Gomez,1000785,Medellín,44,paula785@mail.com,3100000785,Calle 785,cliente,pass123
786,Diego,Sanchez,1000786,Palmira,34,diego786@mail.com,3100000786,Calle 786,cliente,pass123
787,Juan,Lopez,1000787,Buga,48,juan787@mail.com,3100000787,Calle 787,cliente,pass123
788,Elena,Martinez,1000788,Palmira,66,elena788@mail.com,3100000788,Calle 788,cliente,pass123
789,Ana,Martinez,1000789,Buga,48,ana789@mail.com,3100000789,Calle 789,cliente,pass123
790,Elena,Martinez,1000790,Palmira,61,elena790@mail.com,3100000790,Calle 790,cliente,pass123
791,Ana,Gomez,1000791,Cali,25,ana791@mail.com,3100000791,Calle 791,cliente,pass123
792,Maria,Gomez,1000792,Medellín,63,maria792@mail.com,3100000792,Calle 792,cliente,pass123
793,Diego,Rodriguez,1000793,Palmira,34,diego793@mail.com,3100000793,Calle 793,cliente,pass123
794,Maria,Lopez,1000794,Buga,40,maria794@mail.com,3100000794,Calle 794,cliente,pass123
795,Elena,Perez,1000795,Bogotá,50,elena795@mail.com,3100000795,Calle 795,cliente,pass123
796,Ana,Perez,1000796,Medellín,72,ana796@mail.com,3100000796,Calle 796,cliente,pass123
797,Maria,Rodriguez,1000797,Medellín,59,maria797@mail.com,3100000797,Calle 797,cliente,pass123
798,Diego,Sanchez,1000798,Bogotá,14,diego798@mail.com,3100000798,Calle 798,cliente,pass123
799,Paula,Gomez,1000799,Medellín,76,paula799@mail.com,3100000799,Calle 799,cliente,pass123
800,Elena,Perez,1000800,Bogotá,79,elena800@mail.com,3100000800,Calle 800,cliente,pass123
801,Paula,Sanchez,1000801,Bogotá,23,paula801@mail.com,3100000801,Calle 801,cliente,pass123
802,Luis,Gomez,1000802,Palmira,55,luis802@mail.com,3100000802,Calle 802,cliente,pass123
803,Carlos,Sanchez,1000803,Bogotá,65,carlos803@mail.com,3100000803,Calle 803,cliente,pass123
804,Elena,Lopez,1000804,Medellín,33,elena804@mail.com,3100000804,Calle 804,cliente,pass123
805,Diego,Lopez,1000805,Medellín,31,diego805@mail.com,3100000805,Calle 805,cliente,pass123
806,Diego,Perez,1000806,Cali,28,diego806@mail.com,3100000806,Calle 806,cliente,pass123
807,Diego,Gomez,1000807,Medellín,14,diego807@mail.com,3100000807,Calle 807,cliente,pass123
808,Carlos,Gomez,1000808,Palmira,48,carlos808@mail.com,3100000808,Calle 808,cliente,pass123
809,Ana,Rodriguez,1000809,Cali,76,ana809@mail.com,3100000809,Calle 809,cliente,pass123
810,Paula,Perez,1000810,Medellín,22,paula810@mail.com,3100000810,Calle 810,cliente,pass123
811,Diego,Gomez,1000811,Palmira,45,diego811@mail.com,3100000811,Calle 811,cliente,pass123
812,Maria,Lopez,1000812,Palmira,46,maria812@mail.com,3100000812,Calle 812,cliente,pass123
813,Carlos,Sanchez,1000813,Bogotá,61,carlos813@mail.com,3100000813,Calle 813,cliente,pass123
814,Maria,Rodriguez,1000814,Buga,21,maria814@mail.com,3100000814,Calle 814,cliente,pass123
815,Paula,Gomez,1000815,Bogotá,26,paula815@mail.com,3100000815,Calle 815,cliente,pass123
816,Diego,Lopez,1000816,Medellín,57,diego816@mail.com,3100000816,Calle 816,cliente,pass123
817,Elena,Sanchez,1000817,Medellín,22,elena817@mail.com,3100000817,Calle 817,cliente,pass123
818,Diego,Sanchez,1000818,Medellín,15,diego818@mail.com,3100000818,Calle 818,cliente,pass123
819,Ana,Gomez,1000819,Cali,46,ana819@mail.com,3100000819,Calle 819,cliente,pass123
820,Maria,Lopez,1000820,Palmira,72,maria820@mail.com,3100000820,Calle 820,cliente,pass123
821,Elena,Martinez,1000821,Palmira,15,elena821@mail.com,3100000821,Calle 821,cliente,pass123
822,Elena,Gomez,1000822,Cali,33,elena822@mail.com,3100000822,Calle 822,cliente,pass123
823,Ana,Lopez,1000823,Buga,66,ana823@mail.com,3100000823,Calle 823,cliente,pass123
824,Carlos,Perez,1000824,Medellín,43,carlos824@mail.com,3100000824,Calle 824,cliente,pass123
825,Juan,Sanchez,1000825,Palmira,58,juan825@mail.com,3100000825,Calle 825,cliente,pass123
826,Carlos,Rodriguez,1000826,Medellín,38,carlos826@mail.com,3100000826,Calle 826,cliente,pass123
827,Elena,Gomez,1000827,Buga,20,elena827@mail.com,3100000827,Calle 827,cliente,pass123
828,Ana,Rodriguez,1000828,Palmira,51,ana828@mail.com,3100000828,Calle 828,cliente,pass123
829,Ana,Martinez,1000829,Buga,77,ana829@mail.com,3100000829,Calle 829,cliente,pass123
830,Elena,Gomez,1000830,Bogotá,15,elena830@mail.com,3100000830,Calle 830,cliente,pass123
831,Carlos,Perez,1000831,Palmira,44,carlos831@mail.com,3100000831,Calle 831,cliente,pass123
832,Juan,Rodriguez,1000832,Bogotá,37,juan832@mail.com,3100000832,Calle 832,cliente,pass123
833,Carlos,Lopez,1000833,Buga,40,carlos833@mail.com,3100000833,Calle 833,cliente,pass123
834,Paula,Gomez,1000834,Bogotá,54,paula834@mail.com,3100000834,Calle 834,cliente,pass123
835,Carlos,Martinez,1000835,Medellín,59,carlos835@mail.com,3100000835,Calle 835,cliente,pass123
836,Diego,Perez,1000836,Buga,47,diego836@mail.com,3100000836,Calle 836,cliente,pass123
837,Paula,Martinez,1000837,Palmira,59,paula837@mail.com,3100000837,Calle 837,cliente,pass123
838,Carlos,Martinez,1000838,Palmira,67,carlos838@mail.com,3100000838,Calle 838,cliente,pass123
839,Carlos,Lopez,1000839,Palmira,23,carlos839@mail.com,3100000839,Calle 839,cliente,pass123
840,Luis,Martinez,1000840,Palmira,37,luis840@mail.com,3100000840,Calle 840,cliente,pass123
841,Maria,Perez,1000841,Medellín,73,maria841@mail.com,3100000841,Calle 841,cliente,pass123
842,Ana,Rodriguez,1000842,Palmira,58,ana842@mail.com,3100000842,Calle 842,cliente,pass123
843,Diego,Martinez,1000843,Cali,16,diego843@mail.com,3100000843,Calle 843,cliente,pass123
844,Maria,Martinez,1000844,Medellín,71,maria844@mail.com,3100000844,Calle 844,cliente,pass123
845,Diego,Sanchez,1000845,Palmira,20,diego845@mail.com,3100000845,Calle 845,cliente,pass123
846,Paula,Martinez,1000846,Medellín,57,paula846@mail.com,3100000846,Calle 846,cliente,pass123
847,Elena,Lopez,1000847,Bogotá,47,elena847@mail.com,3100000847,Calle 847,cliente,pass123
848,Luis,Rodriguez,1000848,Medellín,38,luis848@mail.com,3100000848,Calle 848,cliente,pass123
849,Carlos,Lopez,1000849,Medellín,17,carlos849@mail.com,3100000849,Calle 849,cliente,pass123
850,Elena,Lopez,1000850,Palmira,35,elena850@mail.com,3100000850,Calle 850,cliente,pass123
851,Luis,Lopez,1000851,Palmira,33,luis851@mail.com,3100000851,Calle 851,cliente,pass123
852,Maria,Martinez,1000852,Medellín,45,maria852@mail.com,3100000852,Calle 852,cliente,pass123
853,Luis,Perez,1000853,Buga,20,luis853@mail.com,3100000853,Calle 853,cliente,pass123
854,Elena,Lopez,1000854,Medellín,65,elena854@mail.com,3100000854,Calle 854,cliente,pass123
855,Elena,Perez,1000855,Cali,26,elena855@mail.com,3100000855,Calle 855,cliente,pass123
856,Luis,Gomez,1000856,Medellín,23,luis856@mail.com,3100000856,Calle 856,cliente,pass123
857,Luis,Lopez,1000857,Bogotá,45,luis857@mail.com,3100000857,Calle 857,cliente,pass123
858,Juan,Sanchez,1000858,Buga,53,juan858@mail.com,3100000858,Calle 858,cliente,pass123
859,Paula,Gomez,1000859,Cali,50,paula859@mail.com,3100000859,Calle 859,cliente,pass123
860,Diego,Gomez,1000860,Buga,45,diego860@mail.com,3100000860,Calle 860,cliente,pass123
861,Elena,Rodriguez,1000861,Cali,71,elena861@mail.com,3100000861,Calle 861,cliente,pass123
862,Paula,Lopez,1000862,Buga,74,paula862@mail.com,3100000862,Calle 862,cliente,pass123
863,Diego,Perez,1000863,Cali,46,diego863@mail.com,3100000863,Calle 863,cliente,pass123
864,Paula,Perez,1000864,Palmira,79,paula864@mail.com,3100000864,Calle 864,cliente,pass123
865,Paula,Perez,1000865,Bogotá,56,paula865@mail.com,3100000865,Calle 865,cliente,pass123
866,Diego,Rodriguez,1000866,Bogotá,29,diego866@mail.com,3100000866,Calle 866,cliente,pass123
867,Maria,Gomez,1000867,Buga,50,maria867@mail.com,3100000867,Calle 867,cliente,pass123
868,Paula,Perez,1000868,Medellín,59,paula868@mail.com,3100000868,Calle 868,cliente,pass123
869,Juan,Gomez,1000869,Cali,62,juan869@mail.com,3100000869,Calle 869,cliente,pass123
870,Luis,Gomez,1000870,Cali,46,luis870@mail.com,3100000870,Calle 870,cliente,pass123
871,Paula,Perez,1000871,Bogotá,22,paula871@mail.com,3100000871,Calle 871,cliente,pass123
872,Maria,Sanchez,1000872,Cali,33,maria872@mail.com,3100000872,Calle 872,cliente,pass123
873,Elena,Martinez,1000873,Palmira,68,elena873@mail.com,3100000873,Calle 873,cliente,pass123
874,Ana,Rodriguez,1000874,Palmira,68,ana874@mail.com,3100000874,Calle 874,cliente,pass123
875,Diego,Gomez,1000875,Palmira,75,diego875@mail.com,3100000875,Calle 875,cliente,pass123
876,Luis,Lopez,1000876,Palmira,53,luis876@mail.com,3100000876,Calle 876,cliente,pass123
877,Carlos,Sanchez,1000877,Medellín,61,carlos877@mail.com,3100000877,Calle 877,cliente,pass123
878,Carlos,Sanchez,1000878,Cali,75,carlos878@mail.com,3100000878,Calle 878,cliente,pass123
879,Juan,Lopez,1000879,Buga,20,juan879@mail.com,3100000879,Calle 879,cliente,pass123
880,Ana,Perez,1000880,Medellín,40,ana880@mail.com,3100000880,Calle 880,cliente,pass123
881,Paula,Rodriguez,1000881,Buga,39,paula881@mail.com,3100000881,Calle 881,cliente,pass123
882,Paula,Rodriguez,1000882,Cali,29,paula882@mail.com,3100000882,Calle 882,cliente,pass123
883,Elena,Rodriguez,1000883,Bogotá,53,elena883@mail.com,3100000883,Calle 883,cliente,pass123
884,Paula,Perez,1000884,Buga,44,paula884@mail.com,3100000884,Calle 884,cliente,pass123
885,Paula,Lopez,1000885,Buga,65,paula885@mail.com,3100000885,Calle 885,cliente,pass123
886,Ana,Sanchez,1000886,Medellín,72,ana886@mail.com,3100000886,Calle 886,cliente,pass123
887,Elena,Gomez,1000887,Medellín,80,elena887@mail.com,3100000887,Calle 887,cliente,pass123
888,Elena,Sanchez,1000888,Medellín,51,elena888@mail.com,3100000888,Calle 888,cliente,pass123
889,Carlos,Sanchez,1000889,Medellín,72,carlos889@mail.com,3100000889,Calle 889,cliente,pass123
890,Paula,Lopez,1000890,Palmira,58,paula890@mail.com,3100000890,Calle 890,cliente,pass123
891,Juan,Martinez,1000891,Bogotá,33,juan891@mail.com,3100000891,Calle 891,cliente,pass123
892,Carlos,Perez,1000892,Bogotá,20,carlos892@mail.com,3100000892,Calle 892,cliente,pass123
893,Diego,Sanchez,1000893,Bogotá,16,diego893@mail.com,3100000893,Calle 893,cliente,pass123
894,Maria,Sanchez,1000894,Bogotá,46,maria894@mail.com,3100000894,Calle 894,cliente,pass123
895,Diego,Sanchez,1000895,Medellín,43,diego895@mail.com,3100000895,Calle 895,cliente,pass123
896,Elena,Gomez,1000896,Bogotá,19,elena896@mail.com,3100000896,Calle 896,cliente,pass123
897,Carlos,Martinez,1000897,Bogotá,51,carlos897@mail.com,3100000897,Calle 897,cliente,pass123
898,Diego,Rodriguez,1000898,Cali,21,diego898@mail.com,3100000898,Calle 898,cliente,pass123
899,Carlos,Sanchez,1000899,Medellín,31,carlos899@mail.com,3100000899,Calle 899,cliente,pass123
900,Paula,Martinez,1000900,Cali,47,paula900@mail.com,3100000900,Calle 900,cliente,pass123
901,Luis,Rodriguez,1000901,Cali,42,luis901@mail.com,3100000901,Calle 901,cliente,pass123
902,Diego,Perez,1000902,Bogotá,62,diego902@mail.com,3100000902,Calle 902,cliente,pass123
903,Carlos,Rodriguez,1000903,Medellín,77,carlos903@mail.com,3100000903,Calle 903,cliente,pass123
904,Luis,Gomez,1000904,Palmira,30,luis904@mail.com,3100000904,Calle 904,cliente,pass123
905,Ana,Gomez,1000905,Palmira,79,ana905@mail.com,3100000905,Calle 905,cliente,pass123
906,Paula,Rodriguez,1000906,Palmira,15,paula906@mail.com,3100000906,Calle 906,cliente,pass123
907,Ana,Rodriguez,1000907,Cali,54,ana907@mail.com,3100000907,Calle 907,cliente,pass123
908,Paula,Martinez,1000908,Bogotá,18,paula908@mail.com,3100000908,Calle 908,cliente,pass123
909,Luis,Gomez,1000909,Buga,45,luis909@mail.com,3100000909,Calle 909,cliente,pass123
910,Elena,Lopez,1000910,Cali,19,elena910@mail.com,3100000910,Calle 910,cliente,pass123
911,Elena,Rodriguez,1000911,Buga,33,elena911@mail.com,3100000911,Calle 911,cliente,pass123
912,Carlos,Lopez,1000912,Palmira,61,carlos912@mail.com,3100000912,Calle 912,cliente,pass123
913,Luis,Sanchez,1000913,Buga,20,luis913@mail.com,3100000913,Calle 913,cliente,pass123
914,Juan,Perez,1000914,Palmira,31,juan914@mail.com,3100000914,Calle 914,cliente,pass123
915,Maria,Perez,1000915,Cali,55,maria915@mail.com,3100000915,Calle 915,cliente,pass123
916,Carlos,Sanchez,1000916,Bogotá,53,carlos916@mail.com,3100000916,Calle 916,cliente,pass123
917,Luis,Sanchez,1000917,Cali,56,luis917@mail.com,3100000917,Calle 917,cliente,pass123
918,Luis,Perez,1000918,Buga,80,luis918@mail.com,3100000918,Calle 918,cliente,pass123
919,Ana,Perez,1000919,Cali,59,ana919@mail.com,3100000919,Calle 919,cliente,pass123
920,Elena,Gomez,1000920,Cali,76,elena920@mail.com,3100000920,Calle 920,cliente,pass123
921,Diego,Lopez,1000921,Medellín,23,diego921@mail.com,3100000921,Calle 921,cliente,pass123
922,Diego,Lopez,1000922,Cali,53,diego922@mail.com,3100000922,Calle 922,cliente,pass123
923,Diego,Martinez,1000923,Cali,73,diego923@mail.com,3100000923,Calle 923,cliente,pass123
924,Maria,Perez,1000924,Bogotá,27,maria924@mail.com,3100000924,Calle 924,cliente,pass123
925,Luis,Perez,1000925,Buga,28,luis925@mail.com,3100000925,Calle 925,cliente,pass123
926,Paula,Gomez,1000926,Buga,70,paula926@mail.com,3100000926,Calle 926,cliente,pass123
927,Juan,Perez,1000927,Bogotá,14,juan927@mail.com,3100000927,Calle 927,cliente,pass123
928,Elena,Lopez,1000928,Medellín,29,elena928@mail.com,3100000928,Calle 928,cliente,pass123
929,Maria,Martinez,1000929,Medellín,69,maria929@mail.com,3100000929,Calle 929,cliente,pass123
930,Paula,Perez,1000930,Medellín,15,paula930@mail.com,3100000930,Calle 930,cliente,pass123
931,Luis,Sanchez,1000931,Bogotá,42,luis931@mail.com,3100000931,Calle 931,cliente,pass123
932,Elena,Martinez,1000932,Buga,45,elena932@mail.com,3100000932,Calle 932,cliente,pass123
933,Paula,Perez,1000933,Palmira,24,paula933@mail.com,3100000933,Calle 933,cliente,pass123
934,Carlos,Gomez,1000934,Cali,47,carlos934@mail.com,3100000934,Calle 934,cliente,pass123
935,Juan,Martinez,1000935,Palmira,43,juan935@mail.com,3100000935,Calle 935,cliente,pass123
936,Diego,Rodriguez,1000936,Palmira,78,diego936@mail.com,3100000936,Calle 936,cliente,pass123
937,Ana,Martinez,1000937,Medellín,30,ana937@mail.com,3100000937,Calle 937,cliente,pass123
938,Carlos,Sanchez,1000938,Medellín,16,carlos938@mail.com,3100000938,Calle 938,cliente,pass123
939,Ana,Lopez,1000939,Bogotá,55,ana939@mail.com,3100000939,Calle 939,cliente,pass123
940,Juan,Lopez,1000940,Cali,21,juan940@mail.com,3100000940,Calle 940,cliente,pass123
941,Maria,Rodriguez,1000941,Palmira,31,maria941@mail.com,3100000941,Calle 941,cliente,pass123
942,Elena,Perez,1000942,Palmira,17,elena942@mail.com,3100000942,Calle 942,cliente,pass123
943,Carlos,Rodriguez,1000943,Bogotá,40,carlos943@mail.com,3100000943,Calle 943,cliente,pass123
944,Carlos,Perez,1000944,Medellín,38,carlos944@mail.com,3100000944,Calle 944,cliente,pass123
945,Luis,Sanchez,1000945,Palmira,45,luis945@mail.com,3100000945,Calle 945,cliente,pass123
946,Elena,Rodriguez,1000946,Medellín,45,elena946@mail.com,3100000946,Calle 946,cliente,pass123
947,Diego,Lopez,1000947,Bogotá,56,diego947@mail.com,3100000947,Calle 947,cliente,pass123
948,Elena,Lopez,1000948,Bogotá,18,elena948@mail.com,3100000948,Calle 948,cliente,pass123
949,Luis,Lopez,1000949,Bogotá,75,luis949@mail.com,3100000949,Calle 949,cliente,pass123
950,Luis,Rodriguez,1000950,Bogotá,57,luis950@mail.com,3100000950,Calle 950,cliente,pass123
951,Diego,Gomez,1000951,Buga,44,diego951@mail.com,3100000951,Calle 951,cliente,pass123
952,Paula,Martinez,1000952,Bogotá,15,paula952@mail.com,3100000952,Calle 952,cliente,pass123
953,Luis,Rodriguez,1000953,Bogotá,50,luis953@mail.com,3100000953,Calle 953,cliente,pass123
954,Luis,Perez,1000954,Bogotá,78,luis954@mail.com,3100000954,Calle 954,cliente,pass123
955,Paula,Martinez,1000955,Buga,53,paula955@mail.com,3100000955,Calle 955,cliente,pass123
956,Ana,Lopez,1000956,Palmira,69,ana956@mail.com,3100000956,Calle 956,cliente,pass123
957,Diego,Martinez,1000957,Bogotá,37,diego957@mail.com,3100000957,Calle 957,cliente,pass123
958,Elena,Gomez,1000958,Palmira,79,elena958@mail.com,3100000958,Calle 958,cliente,pass123
959,Juan,Sanchez,1000959,Cali,64,juan959@mail.com,3100000959,Calle 959,cliente,pass123
960,Luis,Lopez,1000960,Medellín,69,luis960@mail.com,3100000960,Calle 960,cliente,pass123
961,Luis,Perez,1000961,Cali,61,luis961@mail.com,3100000961,Calle 961,cliente,pass123
962,Luis,Gomez,1000962,Cali,46,luis962@mail.com,3100000962,Calle 962,cliente,pass123
963,Elena,Sanchez,1000963,Cali,39,elena963@mail.com,3100000963,Calle 963,cliente,pass123
964,Paula,Lopez,1000964,Medellín,52,paula964@mail.com,3100000964,Calle 964,cliente,pass123
965,Luis,Lopez,1000965,Buga,76,luis965@mail.com,3100000965,Calle 965,cliente,pass123
966,Elena,Lopez,1000966,Cali,78,elena966@mail.com,3100000966,Calle 966,cliente,pass123
967,Ana,Martinez,1000967,Bogotá,74,ana967@mail.com,3100000967,Calle 967,cliente,pass123
968,Paula,Lopez,1000968,Palmira,75,paula968@mail.com,3100000968,Calle 968,cliente,pass123
969,Luis,Lopez,1000969,Palmira,38,luis969@mail.com,3100000969,Calle 969,cliente,pass123
970,Maria,Lopez,1000970,Cali,43,maria970@mail.com,3100000970,Calle 970,cliente,pass123
971,Maria,Perez,1000971,Medellín,30,maria971@mail.com,3100000971,Calle 971,cliente,pass123
972,Paula,Perez,1000972,Medellín,18,paula972@mail.com,3100000972,Calle 972,cliente,pass123
973,Paula,Sanchez,1000973,Buga,42,paula973@mail.com,3100000973,Calle 973,cliente,pass123
974,Maria,Martinez,1000974,Medellín,23,maria974@mail.com,3100000974,Calle 974,cliente,pass123
975,Carlos,Sanchez,1000975,Medellín,46,carlos975@mail.com,3100000975,Calle 975,cliente,pass123
976,Elena,Perez,1000976,Medellín,19,elena976@mail.com,3100000976,Calle 976,cliente,pass123
977,Elena,Sanchez,1000977,Palmira,77,elena977@mail.com,3100000977,Calle 977,cliente,pass123
978,Elena,Lopez,1000978,Buga,61,elena978@mail.com,3100000978,Calle 978,cliente,pass123
979,Juan,Perez,1000979,Bogotá,61,juan979@mail.com,3100000979,Calle 979,cliente,pass123
980,Juan,Rodriguez,1000980,Buga,38,juan980@mail.com,3100000980,Calle 980,cliente,pass123
981,Carlos,Rodriguez,1000981,Cali,67,carlos981@mail.com,3100000981,Calle 981,cliente,pass123
982,Maria,Lopez,1000982,Bogotá,47,maria982@mail.com,3100000982,Calle 982,cliente,pass123
983,Juan,Gomez,1000983,Palmira,66,juan983@mail.com,3100000983,Calle 983,cliente,pass123
984,Ana,Perez,1000984,Cali,60,ana984@mail.com,3100000984,Calle 984,cliente,pass123
985,Ana,Lopez,1000985,Medellín,29,ana985@mail.com,3100000985,Calle 985,cliente,pass123
986,Maria,Gomez,1000986,Palmira,44,maria986@mail.com,3100000986,Calle 986,cliente,pass123
987,Juan,Martinez,1000987,Buga,57,juan987@mail.com,3100000987,Calle 987,cliente,pass123
988,Carlos,Perez,1000988,Buga,50,carlos988@mail.com,3100000988,Calle 988,cliente,pass123
989,Luis,Rodriguez,1000989,Cali,16,luis989@mail.com,3100000989,Calle 989,cliente,pass123
990,Carlos,Lopez,1000990,Cali,67,carlos990@mail.com,3100000990,Calle 990,cliente,pass123
991,Elena,Perez,1000991,Bogotá,71,elena991@mail.com,3100000991,Calle 991,cliente,pass123
992,Luis,Sanchez,1000992,Buga,59,luis992@mail.com,3100000992,Calle 992,cliente,pass123
993,Carlos,Sanchez,1000993,Medellín,73,carlos993@mail.com,3100000993,Calle 993,cliente,pass123
994,Luis,Rodriguez,1000994,Medellín,62,luis994@mail.com,3100000994,Calle 994,cliente,pass123
995,Juan,Rodriguez,1000995,Medellín,23,juan995@mail.com,3100000995,Calle 995,cliente,pass123
996,Elena,Gomez,1000996,Palmira,71,elena996@mail.com,3100000996,Calle 996,cliente,pass123
997,Maria,Martinez,1000997,Palmira,30,maria997@mail.com,3100000997,Calle 997,cliente,pass123
998,Ana,Gomez,1000998,Cali,80,ana998@mail.com,3100000998,Calle 998,cliente,pass123
999,Ana,Lopez,1000999,Buga,76,ana999@mail.com,3100000999,Calle 999,cliente,pass123
1000,Diego,Martinez,10001000,Medellín,25,diego1000@mail.com,3100001000,Calle 1000,cliente,pass123
